event_id,start_time,end_time,duration_sec,peak_time,peak_counts,peak_flux_wm2,goes_class,background_at_peak
1,2026-07-04 22:05:59,2026-07-04 22:05:59,1,2026-07-04 22:05:59,367510.0,0.00010886514599729118,X1.1,635.0
2,2026-07-05 02:00:06,2026-07-05 02:00:06,1,2026-07-05 02:00:06,308074.0,8.509176274149529e-05,M8.5,252.0
3,2026-07-06 12:21:05,2026-07-06 12:21:05,1,2026-07-06 12:21:05,238138.0,5.285394040303588e-05,M5.3,119.0
4,2026-07-05 01:58:46,2026-07-05 01:58:46,1,2026-07-05 01:58:46,24256.0,5.455182007524706e-06,C5.5,262.0
5,2026-07-04 20:39:31,2026-07-04 20:49:05,575,2026-07-04 20:41:30,11393.0,1.1797511768020587e-06,C1.2,1229.0
6,2026-08-20 11:38:32,2026-08-20 11:47:25,534,2026-08-20 11:42:36,7721.0,7.200863945232353e-07,B7.2,4406.0
7,2026-08-25 09:57:26,2026-08-25 10:09:22,717,2026-08-25 10:02:15,6148.0,5.949082360535294e-07,B5.9,2946.0
8,2026-08-20 11:38:29,2026-08-20 11:38:30,2,2026-08-20 11:38:30,5959.0,5.757143317067647e-07,B5.8,4406.0
9,2026-08-20 11:47:32,2026-08-20 11:47:35,4,2026-08-20 11:47:34,5939.0,5.366394705308823e-07,B5.4,4406.0
10,2026-08-20 11:47:37,2026-08-20 11:47:50,14,2026-08-20 11:47:40,5916.0,5.297435700035294e-07,B5.3,4406.0
11,2026-08-20 11:38:22,2026-08-20 11:38:22,1,2026-08-20 11:38:22,5897.0,5.669055931897059e-07,B5.7,4406.0
12,2026-08-20 11:47:27,2026-08-20 11:47:30,4,2026-08-20 11:47:30,5860.0,5.266858094735294e-07,B5.3,4406.0
13,2026-08-20 11:48:07,2026-08-20 11:48:35,29,2026-08-20 11:48:08,5834.0,5.216516185447059e-07,B5.2,4406.0
14,2026-08-20 11:47:52,2026-08-20 11:47:57,6,2026-08-20 11:47:55,5817.0,5.230061439273529e-07,B5.2,4406.0
15,2026-08-20 11:47:59,2026-08-20 11:48:04,6,2026-08-20 11:47:59,5770.0,5.202039546688235e-07,B5.2,4406.0
16,2026-08-20 11:48:43,2026-08-20 11:48:44,2,2026-08-20 11:48:43,5675.0,5.069205394650001e-07,B5.1,4406.0
17,2026-08-20 11:48:46,2026-08-20 11:48:50,5,2026-08-20 11:48:50,5611.0,5.025060623355881e-07,B5.0,4406.0
18,2026-08-20 11:48:40,2026-08-20 11:48:41,2,2026-08-20 11:48:41,5605.0,5.018797042014706e-07,B5.0,4406.0
19,2026-08-20 11:48:58,2026-08-20 11:48:58,1,2026-08-20 11:48:58,5583.0,4.973373354097058e-07,B5.0,4406.0
20,2026-08-20 11:49:13,2026-08-20 11:49:13,1,2026-08-20 11:49:13,5576.0,5.000259583800001e-07,B5.0,4406.0
21,2026-08-20 11:48:55,2026-08-20 11:48:56,2,2026-08-20 11:48:55,5549.0,4.934349432820588e-07,B4.9,4406.0
22,2026-08-20 11:49:04,2026-08-20 11:49:04,1,2026-08-20 11:49:04,5538.0,4.949785259047058e-07,B4.9,4406.0
23,2026-08-20 11:49:00,2026-08-20 11:49:01,2,2026-08-20 11:49:01,5535.0,4.94607267812647e-07,B4.9,4406.0
24,2026-08-20 11:49:11,2026-08-20 11:49:11,1,2026-08-20 11:49:11,5508.0,4.895290404952942e-07,B4.9,4406.0
25,2026-08-20 11:48:52,2026-08-20 11:48:52,1,2026-08-20 11:48:52,5472.0,4.873930046947059e-07,B4.9,4406.0
26,2026-08-20 11:49:20,2026-08-20 11:49:20,1,2026-08-20 11:49:20,5472.0,4.87137456984706e-07,B4.9,4406.0
27,2026-08-20 11:48:38,2026-08-20 11:48:38,1,2026-08-20 11:48:38,5467.0,4.871700896214706e-07,B4.9,4406.0
28,2026-08-20 11:49:18,2026-08-20 11:49:18,1,2026-08-20 11:49:18,5467.0,4.892759667397059e-07,B4.9,4406.0
29,2026-07-05 17:55:25,2026-07-05 18:04:52,568,2026-07-05 17:57:35,4890.0,4.861351520258822e-07,B4.9,817.0
30,2026-08-25 10:09:24,2026-08-25 10:09:25,2,2026-08-25 10:09:24,3935.0,3.56519096325e-07,B3.6,2946.0
31,2026-08-25 10:09:38,2026-08-25 10:09:38,1,2026-08-25 10:09:38,3906.0,3.538563438494118e-07,B3.5,2946.0
32,2026-08-25 10:09:27,2026-08-25 10:09:27,1,2026-08-25 10:09:27,3876.0,3.5541050557235293e-07,B3.6,2946.0
33,2026-08-25 09:57:21,2026-08-25 09:57:21,1,2026-08-25 09:57:21,3717.0,3.820562904679412e-07,B3.8,2946.0
34,2026-08-25 09:57:24,2026-08-25 09:57:24,1,2026-08-25 09:57:24,3701.0,3.7883859467558824e-07,B3.8,2946.0
35,2026-07-04 03:41:12,2026-07-04 03:43:54,163,2026-07-04 03:42:36,3642.0,3.358215460482353e-07,B3.4,2207.0
36,2026-07-07 14:17:16,2026-07-07 14:24:23,428,2026-07-07 14:19:42,3599.0,3.491132548897059e-07,B3.5,306.5
37,2026-07-04 03:31:29,2026-07-04 03:34:06,158,2026-07-04 03:33:03,3357.0,3.102642068479412e-07,B3.1,2207.0
38,2026-07-22 06:32:45,2026-07-22 06:41:20,516,2026-07-22 06:34:53,3266.0,3.1877053389e-07,B3.2,90.0
39,2026-07-04 03:31:14,2026-07-04 03:31:27,14,2026-07-04 03:31:16,3231.0,3.053401422326471e-07,B3.1,2207.0
40,2026-07-04 03:34:08,2026-07-04 03:34:15,8,2026-07-04 03:34:08,3103.0,2.8309015022029415e-07,B2.8,2207.0
41,2026-07-04 03:34:27,2026-07-04 03:34:27,1,2026-07-04 03:34:27,3091.0,2.788747203944118e-07,B2.8,2207.0
42,2026-07-04 03:31:02,2026-07-04 03:31:03,2,2026-07-04 03:31:03,3083.0,2.9293286031264713e-07,B2.9,2207.0
43,2026-07-04 03:34:19,2026-07-04 03:34:22,4,2026-07-04 03:34:21,3061.0,2.7778594483852943e-07,B2.8,2207.0
44,2026-07-04 03:34:29,2026-07-04 03:34:29,1,2026-07-04 03:34:29,3061.0,2.785498548379412e-07,B2.8,2207.0
45,2026-07-20 22:22:42,2026-07-20 22:32:26,585,2026-07-20 22:25:52,3054.0,2.8934494313294114e-07,B2.9,618.0
46,2026-07-04 03:31:10,2026-07-04 03:31:10,1,2026-07-04 03:31:10,3038.0,2.8994269764176473e-07,B2.9,2207.0
47,2026-07-04 03:31:12,2026-07-04 03:31:12,1,2026-07-04 03:31:12,3015.0,2.877614473791176e-07,B2.9,2207.0
48,2026-07-04 03:34:24,2026-07-04 03:34:25,2,2026-07-04 03:34:25,3011.0,2.7500196859676473e-07,B2.8,2207.0
49,2026-07-04 03:30:56,2026-07-04 03:30:56,1,2026-07-04 03:30:56,3007.0,2.882495939267647e-07,B2.9,2207.0
50,2026-07-04 03:30:58,2026-07-04 03:30:58,1,2026-07-04 03:30:58,3005.0,2.8747003911088233e-07,B2.9,2207.0
51,2026-07-04 03:31:00,2026-07-04 03:31:00,1,2026-07-04 03:31:00,2996.0,2.8832958511941176e-07,B2.9,2207.0
52,2026-07-04 03:30:53,2026-07-04 03:30:53,1,2026-07-04 03:30:53,2988.0,2.868635432964706e-07,B2.9,2207.0
53,2026-07-04 03:31:07,2026-07-04 03:31:07,1,2026-07-04 03:31:07,2987.0,2.854884723114706e-07,B2.9,2207.0
54,2026-07-04 03:43:56,2026-07-04 03:44:00,5,2026-07-04 03:43:58,2970.0,2.652102690882353e-07,B2.7,2207.0
55,2026-07-04 03:41:09,2026-07-04 03:41:10,2,2026-07-04 03:41:10,2942.0,2.6808787861411767e-07,B2.7,2207.0
56,2026-07-04 11:09:30,2026-07-04 11:14:29,300,2026-07-04 11:12:08,2913.0,2.6835230899852945e-07,B2.7,1128.0
57,2026-07-04 13:48:40,2026-07-04 13:57:10,511,2026-07-04 13:51:06,2907.0,2.7227934642441174e-07,B2.7,1081.0
58,2026-07-04 03:44:14,2026-07-04 03:44:14,1,2026-07-04 03:44:14,2882.0,2.5206428794235293e-07,B2.5,2207.0
59,2026-07-04 03:44:02,2026-07-04 03:44:02,1,2026-07-04 03:44:02,2858.0,2.5662946423764706e-07,B2.6,2207.0
60,2026-08-20 16:07:05,2026-08-20 16:15:22,498,2026-08-20 16:11:42,2806.0,2.592865383988235e-07,B2.6,1416.5
61,2026-07-26 15:25:52,2026-07-26 15:36:30,639,2026-07-26 15:28:44,2653.0,2.469050562891176e-07,B2.5,230.0
62,2026-07-05 05:38:52,2026-07-05 05:41:14,143,2026-07-05 05:39:49,2463.0,2.2654926514323524e-07,B2.3,1464.0
63,2026-07-04 11:14:31,2026-07-04 11:14:52,22,2026-07-04 11:14:45,2411.0,2.1334051623970585e-07,B2.1,1128.0
64,2026-07-20 14:35:18,2026-07-20 14:42:58,461,2026-07-20 14:36:57,2379.0,2.258142886297059e-07,B2.3,258.0
65,2026-07-04 20:49:07,2026-07-04 20:49:07,1,2026-07-04 20:49:07,2341.0,2.0416992065735295e-07,B2.0,1237.0
66,2026-07-05 05:38:20,2026-07-05 05:38:50,31,2026-07-05 05:38:50,2340.0,2.1709595547529409e-07,B2.2,1470.0
67,2026-07-04 20:49:09,2026-07-04 20:49:12,4,2026-07-04 20:49:12,2315.0,2.0085213573794118e-07,B2.0,1237.0
68,2026-07-04 11:14:54,2026-07-04 11:15:09,16,2026-07-04 11:14:57,2305.0,2.0124401011676466e-07,B2.0,1128.0
69,2026-07-05 05:41:16,2026-07-05 05:41:36,21,2026-07-05 05:41:27,2273.0,2.0200631793617644e-07,B2.0,1464.0
70,2026-07-05 05:37:21,2026-07-05 05:37:21,1,2026-07-05 05:37:21,2267.0,2.0744067688147058e-07,B2.1,1470.0
71,2026-07-05 05:42:05,2026-07-05 05:42:06,2,2026-07-05 05:42:06,2241.0,1.9609978712029415e-07,B2.0,1464.0
72,2026-07-05 05:38:10,2026-07-05 05:38:18,9,2026-07-05 05:38:18,2239.0,2.061065321708824e-07,B2.1,1470.0
73,2026-07-05 05:41:43,2026-07-05 05:41:53,11,2026-07-05 05:41:50,2225.0,1.9557559152264704e-07,B2.0,1464.0
74,2026-07-05 05:38:02,2026-07-05 05:38:06,5,2026-07-05 05:38:03,2212.0,2.0787616354235293e-07,B2.1,1470.0
75,2026-07-05 05:38:08,2026-07-05 05:38:08,1,2026-07-05 05:38:08,2212.0,2.0615702440235292e-07,B2.1,1470.0
76,2026-07-04 11:15:13,2026-07-04 11:15:14,2,2026-07-04 11:15:13,2211.0,1.9246646698676474e-07,B1.9,1128.0
77,2026-07-04 11:15:18,2026-07-04 11:15:18,1,2026-07-04 11:15:18,2209.0,1.94052436695e-07,B1.9,1128.0
78,2026-07-05 05:37:42,2026-07-05 05:37:44,3,2026-07-05 05:37:43,2206.0,2.026239818876471e-07,B2.0,1470.0
79,2026-07-05 05:37:52,2026-07-05 05:37:54,3,2026-07-05 05:37:54,2204.0,2.0531823604941177e-07,B2.1,1470.0
80,2026-07-05 05:37:24,2026-07-05 05:37:24,1,2026-07-05 05:37:24,2197.0,2.0285627442617646e-07,B2.0,1470.0
81,2026-07-04 11:15:24,2026-07-04 11:15:24,1,2026-07-04 11:15:24,2196.0,1.911513363829412e-07,B1.9,1128.0
82,2026-07-05 05:41:38,2026-07-05 05:41:40,3,2026-07-05 05:41:39,2183.0,1.942111938838235e-07,B1.9,1464.0
83,2026-07-04 11:09:24,2026-07-04 11:09:26,3,2026-07-04 11:09:24,2182.0,2.064812773605882e-07,B2.1,1128.0
84,2026-07-05 05:37:56,2026-07-05 05:37:56,1,2026-07-05 05:37:56,2181.0,2.014574770402941e-07,B2.0,1470.0
85,2026-07-05 05:41:56,2026-07-05 05:42:01,6,2026-07-05 05:41:58,2180.0,1.9092095232352943e-07,B1.9,1464.0
86,2026-07-05 05:37:50,2026-07-05 05:37:50,1,2026-07-05 05:37:50,2167.0,1.9923661994558824e-07,B2.0,1470.0
87,2026-07-05 05:42:16,2026-07-05 05:42:17,2,2026-07-05 05:42:16,2159.0,1.8904915841558822e-07,B1.9,1464.0
88,2026-07-05 05:38:00,2026-07-05 05:38:00,1,2026-07-05 05:38:00,2154.0,2.007399595764706e-07,B2.0,1470.0
89,2026-07-05 05:42:14,2026-07-05 05:42:14,1,2026-07-05 05:42:14,2124.0,1.8579694506882356e-07,B1.9,1464.0
90,2026-07-05 05:42:31,2026-07-05 05:42:31,1,2026-07-05 05:42:31,2124.0,1.8627934261764702e-07,B1.9,1464.0
91,2026-07-05 05:42:21,2026-07-05 05:42:22,2,2026-07-05 05:42:22,2123.0,1.8560258649794116e-07,B1.9,1464.0
92,2026-07-04 11:09:16,2026-07-04 11:09:19,4,2026-07-04 11:09:16,2116.0,2.0240236269529412e-07,B2.0,1128.0
93,2026-07-05 05:42:41,2026-07-05 05:42:41,1,2026-07-05 05:42:41,2116.0,1.8653790619588235e-07,B1.9,1464.0
94,2026-07-05 05:42:03,2026-07-05 05:42:03,1,2026-07-05 05:42:03,2115.0,1.8842755969852945e-07,B1.9,1464.0
95,2026-07-05 05:42:12,2026-07-05 05:42:12,1,2026-07-05 05:42:12,2114.0,1.8666575073529414e-07,B1.9,1464.0
96,2026-07-05 05:42:08,2026-07-05 05:42:08,1,2026-07-05 05:42:08,2113.0,1.8793498359441176e-07,B1.9,1464.0
97,2026-07-05 05:42:27,2026-07-05 05:42:27,1,2026-07-05 05:42:27,2094.0,1.821690911964706e-07,B1.8,1464.0
98,2026-07-05 05:42:52,2026-07-05 05:42:52,1,2026-07-05 05:42:52,2093.0,1.8369933802676472e-07,B1.8,1464.0
99,2026-07-05 05:43:23,2026-07-05 05:43:23,1,2026-07-05 05:43:23,2092.0,1.829761186870588e-07,B1.8,1464.0
100,2026-07-05 05:43:04,2026-07-05 05:43:04,1,2026-07-05 05:43:04,2089.0,1.828727073926471e-07,B1.8,1464.0
101,2026-08-20 16:15:24,2026-08-20 16:15:47,24,2026-08-20 16:15:40,2081.0,1.9099722080382352e-07,B1.9,1416.5
102,2026-07-05 05:43:38,2026-07-05 05:43:38,1,2026-07-05 05:43:38,2076.0,1.805141335023529e-07,B1.8,1464.0
103,2026-07-04 11:09:21,2026-07-04 11:09:22,2,2026-07-04 11:09:22,2073.0,1.976335446097059e-07,B2.0,1128.0
104,2026-07-04 11:09:04,2026-07-04 11:09:04,1,2026-07-04 11:09:04,2049.0,1.9388863735147058e-07,B1.9,1125.0
105,2026-08-20 16:06:55,2026-08-20 16:07:03,9,2026-08-20 16:07:00,2045.0,1.9352937204794118e-07,B1.9,1416.5
106,2026-07-04 11:09:10,2026-07-04 11:09:10,1,2026-07-04 11:09:10,2038.0,1.9120270038882353e-07,B1.9,1128.0
107,2026-08-20 16:15:57,2026-08-20 16:15:57,1,2026-08-20 16:15:57,2014.0,1.8637957311352938e-07,B1.9,1416.5
108,2026-08-20 16:15:59,2026-08-20 16:16:01,3,2026-08-20 16:16:00,2004.0,1.828084081394118e-07,B1.8,1416.5
109,2026-08-20 16:15:52,2026-08-20 16:15:52,1,2026-08-20 16:15:52,1982.0,1.8111669455117648e-07,B1.8,1416.5
110,2026-08-20 16:06:45,2026-08-20 16:06:53,9,2026-08-20 16:06:50,1977.0,1.87013258865e-07,B1.9,1416.5
111,2026-08-20 16:15:55,2026-08-20 16:15:55,1,2026-08-20 16:15:55,1958.0,1.8122413485705882e-07,B1.8,1416.5
112,2026-08-20 16:06:41,2026-08-20 16:06:42,2,2026-08-20 16:06:42,1929.0,1.8413013595499998e-07,B1.8,1416.5
113,2026-08-20 16:06:36,2026-08-20 16:06:36,1,2026-08-20 16:06:36,1893.0,1.7832077264382354e-07,B1.8,1416.5
114,2026-08-26 06:31:41,2026-08-26 06:41:55,615,2026-08-26 06:33:53,1887.0,1.7835856524264707e-07,B1.8,157.0
115,2026-07-04 01:12:29,2026-07-04 01:14:37,129,2026-07-04 01:13:32,1857.0,1.6511555796088234e-07,B1.7,960.5
116,2026-07-04 01:12:03,2026-07-04 01:12:27,25,2026-07-04 01:12:12,1810.0,1.6262631215470587e-07,B1.6,960.5
117,2026-07-04 20:39:24,2026-07-04 20:39:29,6,2026-07-04 20:39:29,1782.0,1.6268333091352944e-07,B1.6,1127.5
118,2026-07-04 01:14:39,2026-07-04 01:16:20,102,2026-07-04 01:14:59,1775.0,1.550366205644118e-07,B1.6,960.5
119,2026-07-04 13:57:24,2026-07-04 13:57:28,5,2026-07-04 13:57:27,1727.0,1.476178674432353e-07,B1.5,1081.0
120,2026-07-04 13:57:12,2026-07-04 13:57:18,7,2026-07-04 13:57:12,1718.0,1.4782419524117644e-07,B1.5,1081.0
121,2026-08-20 08:05:35,2026-08-20 08:05:35,1,2026-08-20 08:05:35,1710.0,1.5357771786705885e-07,B1.5,1171.5
122,2026-08-20 08:04:06,2026-08-20 08:04:06,1,2026-08-20 08:04:06,1705.0,1.5387409760558824e-07,B1.5,1171.5
123,2026-08-20 08:04:28,2026-08-20 08:04:28,1,2026-08-20 08:04:28,1703.0,1.5291142304029414e-07,B1.5,1171.5
124,2026-07-04 13:57:20,2026-07-04 13:57:22,3,2026-07-04 13:57:21,1700.0,1.454148935047059e-07,B1.5,1081.0
125,2026-08-20 08:03:57,2026-08-20 08:03:58,2,2026-08-20 08:03:57,1693.0,1.5232756979911765e-07,B1.5,1171.5
126,2026-08-20 08:05:25,2026-08-20 08:05:26,2,2026-08-20 08:05:26,1691.0,1.4996416580735294e-07,B1.5,1171.5
127,2026-08-20 08:04:59,2026-08-20 08:04:59,1,2026-08-20 08:04:59,1689.0,1.5154193612382354e-07,B1.5,1171.5
128,2026-08-20 08:04:49,2026-08-20 08:04:49,1,2026-08-20 08:04:49,1684.0,1.4927463937058825e-07,B1.5,1171.5
129,2026-08-20 08:05:20,2026-08-20 08:05:20,1,2026-08-20 08:05:20,1682.0,1.4748109310647063e-07,B1.5,1171.5
130,2026-08-20 08:05:30,2026-08-20 08:05:30,1,2026-08-20 08:05:30,1680.0,1.5028877218764707e-07,B1.5,1171.5
131,2026-08-20 08:04:14,2026-08-20 08:04:15,2,2026-08-20 08:04:15,1680.0,1.5304103469e-07,B1.5,1171.5
132,2026-08-20 08:04:25,2026-08-20 08:04:25,1,2026-08-20 08:04:25,1680.0,1.5232085477999998e-07,B1.5,1171.5
133,2026-08-20 08:05:03,2026-08-20 08:05:03,1,2026-08-20 08:05:03,1678.0,1.4943542284588237e-07,B1.5,1171.5
134,2026-08-20 08:06:03,2026-08-20 08:06:03,1,2026-08-20 08:06:03,1677.0,1.4879693055441177e-07,B1.5,1171.5
135,2026-08-20 08:06:15,2026-08-20 08:06:15,1,2026-08-20 08:06:15,1674.0,1.4700991081764705e-07,B1.5,1171.5
136,2026-08-20 08:04:30,2026-08-20 08:04:30,1,2026-08-20 08:04:30,1674.0,1.5194867779058823e-07,B1.5,1171.5
137,2026-08-20 08:04:42,2026-08-20 08:04:42,1,2026-08-20 08:04:42,1673.0,1.5104507183205881e-07,B1.5,1171.5
138,2026-08-20 08:04:51,2026-08-20 08:04:51,1,2026-08-20 08:04:51,1669.0,1.4779278780088236e-07,B1.5,1171.5
139,2026-07-04 13:57:43,2026-07-04 13:57:43,1,2026-07-04 13:57:43,1668.0,1.3940313716117646e-07,B1.4,1081.0
140,2026-07-04 13:57:30,2026-07-04 13:57:30,1,2026-07-04 13:57:30,1668.0,1.4088176080941175e-07,B1.4,1081.0
141,2026-08-20 08:04:54,2026-08-20 08:04:54,1,2026-08-20 08:04:54,1668.0,1.477774492835294e-07,B1.5,1171.5
142,2026-08-20 08:05:53,2026-08-20 08:05:53,1,2026-08-20 08:05:53,1668.0,1.486288194617647e-07,B1.5,1171.5
143,2026-08-20 08:03:36,2026-08-20 08:03:37,2,2026-08-20 08:03:36,1667.0,1.4935005963794117e-07,B1.5,1171.5
144,2026-08-20 08:03:41,2026-08-20 08:03:42,2,2026-08-20 08:03:41,1665.0,1.473146313167647e-07,B1.5,1171.5
145,2026-08-20 08:03:47,2026-08-20 08:03:47,1,2026-08-20 08:03:47,1663.0,1.498708623838235e-07,B1.5,1171.5
146,2026-08-20 08:04:18,2026-08-20 08:04:18,1,2026-08-20 08:04:18,1663.0,1.4919577912852942e-07,B1.5,1171.5
147,2026-08-20 08:03:27,2026-08-20 08:03:27,1,2026-08-20 08:03:27,1662.0,1.4992931839235295e-07,B1.5,1171.5
148,2026-08-20 08:02:56,2026-08-20 08:02:57,2,2026-08-20 08:02:56,1662.0,1.5152546665588239e-07,B1.5,1171.5
149,2026-08-20 08:05:33,2026-08-20 08:05:33,1,2026-08-20 08:05:33,1662.0,1.4633525166882355e-07,B1.5,1171.5
150,2026-07-04 13:48:38,2026-07-04 13:48:38,1,2026-07-04 13:48:38,1662.0,1.5437748842470592e-07,B1.5,1078.0
151,2026-08-20 08:05:01,2026-08-20 08:05:01,1,2026-08-20 08:05:01,1662.0,1.4923100352705885e-07,B1.5,1171.5
152,2026-08-20 08:03:23,2026-08-20 08:03:23,1,2026-08-20 08:03:23,1661.0,1.4986068382852942e-07,B1.5,1171.5
153,2026-08-20 08:05:11,2026-08-20 08:05:11,1,2026-08-20 08:05:11,1661.0,1.4818664134323532e-07,B1.5,1171.5
154,2026-08-20 08:05:49,2026-08-20 08:05:49,1,2026-08-20 08:05:49,1658.0,1.4720452856470586e-07,B1.5,1171.5
155,2026-08-20 08:05:14,2026-08-20 08:05:14,1,2026-08-20 08:05:14,1657.0,1.4856668786382353e-07,B1.5,1171.5
156,2026-08-20 08:03:07,2026-08-20 08:03:07,1,2026-08-20 08:03:07,1657.0,1.4962714253205883e-07,B1.5,1171.5
157,2026-07-21 17:23:36,2026-07-21 17:30:03,388,2026-07-21 17:27:33,1655.0,1.4755755007852942e-07,B1.5,310.0
158,2026-08-20 08:05:57,2026-08-20 08:05:57,1,2026-08-20 08:05:57,1655.0,1.4685650208264707e-07,B1.5,1171.5
159,2026-08-20 08:02:36,2026-08-20 08:02:36,1,2026-08-20 08:02:36,1655.0,1.507033833855882e-07,B1.5,1171.5
160,2026-07-04 13:57:32,2026-07-04 13:57:32,1,2026-07-04 13:57:32,1654.0,1.4192289507176474e-07,B1.4,1081.0
161,2026-08-20 08:03:54,2026-08-20 08:03:55,2,2026-08-20 08:03:54,1654.0,1.5085476583411763e-07,B1.5,1171.5
162,2026-08-20 08:03:30,2026-08-20 08:03:30,1,2026-08-20 08:03:30,1652.0,1.5023373259235293e-07,B1.5,1171.5
163,2026-08-20 08:02:27,2026-08-20 08:02:27,1,2026-08-20 08:02:27,1652.0,1.496283441670588e-07,B1.5,1171.5
164,2026-08-20 08:06:57,2026-08-20 08:06:57,1,2026-08-20 08:06:57,1650.0,1.4468623146529412e-07,B1.4,1171.5
165,2026-08-20 08:03:16,2026-08-20 08:03:16,1,2026-08-20 08:03:16,1649.0,1.4856833716676468e-07,B1.5,1171.5
166,2026-08-20 08:02:12,2026-08-20 08:02:12,1,2026-08-20 08:02:12,1644.0,1.5145162500705882e-07,B1.5,1171.5
167,2026-07-04 13:57:36,2026-07-04 13:57:38,3,2026-07-04 13:57:36,1637.0,1.3952346559147058e-07,B1.4,1081.0
168,2026-07-04 13:57:47,2026-07-04 13:57:47,1,2026-07-04 13:57:47,1633.0,1.3774433894735296e-07,B1.4,1081.0
169,2026-07-04 20:39:21,2026-07-04 20:39:22,2,2026-07-04 20:39:21,1620.0,1.4959941068117648e-07,B1.5,1069.5
170,2026-07-04 01:16:37,2026-07-04 01:16:44,8,2026-07-04 01:16:43,1612.0,1.3941194915117649e-07,B1.4,960.5
171,2026-07-04 01:16:31,2026-07-04 01:16:35,5,2026-07-04 01:16:35,1611.0,1.3788245628794118e-07,B1.4,960.5
172,2026-07-04 13:57:52,2026-07-04 13:57:52,1,2026-07-04 13:57:52,1609.0,1.361244407214706e-07,B1.4,1081.0
173,2026-07-04 01:16:22,2026-07-04 01:16:29,8,2026-07-04 01:16:29,1603.0,1.3946522163617648e-07,B1.4,960.5
174,2026-07-04 01:16:51,2026-07-04 01:16:55,5,2026-07-04 01:16:55,1589.0,1.3601582234205886e-07,B1.4,960.5
175,2026-07-04 01:17:11,2026-07-04 01:17:20,10,2026-07-04 01:17:13,1589.0,1.354883281385294e-07,B1.4,960.5
176,2026-07-04 01:17:30,2026-07-04 01:17:33,4,2026-07-04 01:17:30,1586.0,1.3682527666411767e-07,B1.4,960.5
177,2026-08-25 01:23:29,2026-08-25 01:29:17,349,2026-08-25 01:25:55,1570.0,1.4571534937764705e-07,B1.5,881.0
178,2026-07-04 01:16:48,2026-07-04 01:16:49,2,2026-07-04 01:16:48,1566.0,1.3500571853647061e-07,B1.4,960.5
179,2026-07-04 01:17:25,2026-07-04 01:17:27,3,2026-07-04 01:17:25,1565.0,1.3407751440264707e-07,B1.3,960.5
180,2026-07-04 01:17:42,2026-07-04 01:17:42,1,2026-07-04 01:17:42,1546.0,1.337136546123529e-07,B1.3,960.5
181,2026-07-04 20:39:19,2026-07-04 20:39:19,1,2026-07-04 20:39:19,1545.0,1.4106683616088233e-07,B1.4,1053.5
182,2026-08-25 06:37:24,2026-08-25 06:47:30,607,2026-08-25 06:39:53,1542.0,1.4470098094588238e-07,B1.4,234.0
183,2026-07-04 01:17:36,2026-07-04 01:17:38,3,2026-07-04 01:17:36,1534.0,1.3082379312176472e-07,B1.3,960.5
184,2026-07-04 01:17:01,2026-07-04 01:17:01,1,2026-07-04 01:17:01,1533.0,1.3307558642735295e-07,B1.3,960.5
185,2026-07-04 01:17:40,2026-07-04 01:17:40,1,2026-07-04 01:17:40,1530.0,1.303087393747059e-07,B1.3,960.5
186,2026-07-04 08:03:34,2026-07-04 08:11:02,449,2026-07-04 08:06:18,1525.0,1.3600851828617647e-07,B1.4,646.5
187,2026-07-04 01:17:08,2026-07-04 01:17:09,2,2026-07-04 01:17:08,1524.0,1.3029870218823528e-07,B1.3,960.5
188,2026-07-04 01:16:46,2026-07-04 01:16:46,1,2026-07-04 01:16:46,1514.0,1.3040496442058824e-07,B1.3,960.5
189,2026-07-04 01:17:51,2026-07-04 01:17:51,1,2026-07-04 01:17:51,1512.0,1.3004904484588236e-07,B1.3,960.5
190,2026-07-04 01:17:04,2026-07-04 01:17:04,1,2026-07-04 01:17:04,1506.0,1.3081385018117646e-07,B1.3,960.5
191,2026-07-04 01:18:02,2026-07-04 01:18:02,1,2026-07-04 01:18:02,1505.0,1.2811047773029414e-07,B1.3,960.5
192,2026-07-05 18:05:01,2026-07-05 18:05:02,2,2026-07-05 18:05:01,1496.0,1.2436333213235292e-07,B1.2,817.0
193,2026-07-04 20:39:10,2026-07-04 20:39:12,3,2026-07-04 20:39:12,1493.0,1.3505032040029412e-07,B1.4,940.5
194,2026-07-05 18:04:54,2026-07-05 18:04:57,4,2026-07-05 18:04:57,1488.0,1.235368428670588e-07,B1.2,817.0
195,2026-07-05 18:04:59,2026-07-05 18:04:59,1,2026-07-05 18:04:59,1483.0,1.2376216121029414e-07,B1.2,817.0
196,2026-07-05 18:05:20,2026-07-05 18:05:20,1,2026-07-05 18:05:20,1442.0,1.202826267952941e-07,B1.2,817.0
197,2026-07-05 18:05:06,2026-07-05 18:05:06,1,2026-07-05 18:05:06,1441.0,1.2000080804558825e-07,B1.2,817.0
198,2026-07-05 18:05:11,2026-07-05 18:05:11,1,2026-07-05 18:05:11,1430.0,1.203759773417647e-07,B1.2,817.0
199,2026-08-25 01:23:04,2026-08-25 01:23:27,24,2026-08-25 01:23:25,1409.0,1.3396686973676471e-07,B1.3,881.0
200,2026-08-25 01:29:30,2026-08-25 01:29:42,13,2026-08-25 01:29:35,1380.0,1.236390525264706e-07,B1.2,881.0
201,2026-08-25 01:29:46,2026-08-25 01:29:49,4,2026-08-25 01:29:49,1372.0,1.2183683564117646e-07,B1.2,881.0
202,2026-08-25 01:30:13,2026-08-25 01:30:13,1,2026-08-25 01:30:13,1360.0,1.2232512355764708e-07,B1.2,881.0
203,2026-08-25 01:29:51,2026-08-25 01:29:53,3,2026-08-25 01:29:51,1355.0,1.2073564319029414e-07,B1.2,881.0
204,2026-08-25 01:29:26,2026-08-25 01:29:28,3,2026-08-25 01:29:28,1353.0,1.207582622020588e-07,B1.2,881.0
205,2026-08-25 01:30:16,2026-08-25 01:30:16,1,2026-08-25 01:30:16,1353.0,1.2111766887441178e-07,B1.2,881.0
206,2026-08-25 01:29:22,2026-08-25 01:29:24,3,2026-08-25 01:29:24,1347.0,1.201565022432353e-07,B1.2,881.0
207,2026-08-25 01:23:01,2026-08-25 01:23:02,2,2026-08-25 01:23:01,1344.0,1.281130930535294e-07,B1.3,881.0
208,2026-08-25 01:29:19,2026-08-25 01:29:20,2,2026-08-25 01:29:20,1337.0,1.1945512438676475e-07,B1.2,881.0
209,2026-08-25 01:29:55,2026-08-25 01:29:55,1,2026-08-25 01:29:55,1329.0,1.1943080894911765e-07,B1.2,881.0
210,2026-08-25 01:22:50,2026-08-25 01:22:50,1,2026-08-25 01:22:50,1326.0,1.2596617185352941e-07,B1.3,881.0
211,2026-08-25 01:22:55,2026-08-25 01:22:59,5,2026-08-25 01:22:57,1323.0,1.2669089912735292e-07,B1.3,881.0
212,2026-08-25 01:30:02,2026-08-25 01:30:02,1,2026-08-25 01:30:02,1315.0,1.1776751049441175e-07,B1.2,881.0
213,2026-07-04 20:38:48,2026-07-04 20:38:48,1,2026-07-04 20:38:48,1311.0,1.1795760443911764e-07,B1.2,839.0
214,2026-08-25 01:30:52,2026-08-25 01:30:52,1,2026-08-25 01:30:52,1307.0,1.161853106214706e-07,B1.2,881.0
215,2026-08-25 01:30:38,2026-08-25 01:30:38,1,2026-08-25 01:30:38,1301.0,1.155466533997059e-07,B1.2,881.0
216,2026-08-25 01:30:41,2026-08-25 01:30:41,1,2026-08-25 01:30:41,1298.0,1.151261989570588e-07,B1.2,881.0
217,2026-08-25 01:22:53,2026-08-25 01:22:53,1,2026-08-25 01:22:53,1284.0,1.2189597493235292e-07,B1.2,881.0
218,2026-08-25 01:22:43,2026-08-25 01:22:44,2,2026-08-25 01:22:44,1274.0,1.227852790782353e-07,B1.2,881.0
219,2026-08-25 01:22:38,2026-08-25 01:22:39,2,2026-08-25 01:22:39,1265.0,1.1990043618088233e-07,B1.2,881.0
220,2026-08-25 01:22:48,2026-08-25 01:22:48,1,2026-08-25 01:22:48,1260.0,1.2116297758235292e-07,B1.2,881.0
221,2026-07-05 19:05:03,2026-07-05 19:09:37,275,2026-07-05 19:07:06,1253.0,1.0925531664617648e-07,B1.1,404.0
222,2026-07-05 10:59:15,2026-07-05 11:00:35,81,2026-07-05 10:59:51,1239.0,1.1590210174499999e-07,B1.2,503.5
223,2026-07-08 17:53:29,2026-07-08 18:03:15,587,2026-07-08 17:56:40,1225.0,1.1089345145029412e-07,B1.1,107.0
224,2026-07-05 00:30:25,2026-07-05 00:33:58,214,2026-07-05 00:31:44,1195.0,1.0622700795441175e-07,B1.1,318.0
225,2026-07-04 05:13:10,2026-07-04 05:18:08,299,2026-07-04 05:15:04,1177.0,1.0394616335558825e-07,B1.0,458.0
226,2026-07-20 22:32:29,2026-07-20 22:32:35,7,2026-07-20 22:32:30,1122.0,9.561923335058824e-08,A9.6,618.0
227,2026-07-04 08:03:30,2026-07-04 08:03:30,1,2026-07-04 08:03:30,1115.0,1.006187182332353e-07,B1.0,646.5
228,2026-07-05 11:00:37,2026-07-05 11:00:39,3,2026-07-05 11:00:39,1115.0,1.0130610057617648e-07,B1.0,516.5
229,2026-07-05 04:31:26,2026-07-05 04:31:26,1,2026-07-05 04:31:26,1110.0,9.663091577470587e-08,A9.7,522.5
230,2026-07-05 04:31:29,2026-07-05 04:31:29,1,2026-07-05 04:31:29,1109.0,9.838664587852945e-08,A9.8,523.0
231,2026-07-20 22:32:41,2026-07-20 22:32:43,3,2026-07-20 22:32:43,1105.0,9.436361902147057e-08,A9.4,618.0
232,2026-07-04 08:11:10,2026-07-04 08:11:12,3,2026-07-04 08:11:12,1103.0,9.237055422441175e-08,A9.2,646.5
233,2026-07-05 11:00:52,2026-07-05 11:00:52,1,2026-07-05 11:00:52,1097.0,9.656953814382352e-08,A9.7,519.0
234,2026-07-04 08:11:04,2026-07-04 08:11:08,5,2026-07-04 08:11:08,1095.0,9.0920911185e-08,A9.1,646.5
235,2026-07-05 04:31:13,2026-07-05 04:31:13,1,2026-07-05 04:31:13,1082.0,9.599508592941176e-08,A9.6,515.5
236,2026-07-20 22:32:37,2026-07-20 22:32:38,2,2026-07-20 22:32:37,1080.0,9.212572698352943e-08,A9.2,618.0
237,2026-07-04 08:03:32,2026-07-04 08:03:32,1,2026-07-04 08:03:32,1076.0,9.84189015317647e-08,A9.8,646.5
238,2026-07-04 08:03:28,2026-07-04 08:03:28,1,2026-07-04 08:03:28,1073.0,9.374296276323529e-08,A9.4,646.5
239,2026-07-05 04:31:04,2026-07-05 04:31:04,1,2026-07-05 04:31:04,1072.0,9.415125948705883e-08,A9.4,512.5
240,2026-07-04 08:11:21,2026-07-04 08:11:24,4,2026-07-04 08:11:21,1067.0,8.844841758441176e-08,A8.8,646.5
241,2026-07-20 22:32:58,2026-07-20 22:32:58,1,2026-07-20 22:32:58,1065.0,9.027490278441177e-08,A9.0,618.0
242,2026-07-05 11:00:42,2026-07-05 11:00:44,3,2026-07-05 11:00:43,1062.0,9.723253436470589e-08,A9.7,517.0
243,2026-07-05 04:31:01,2026-07-05 04:31:02,2,2026-07-05 04:31:02,1059.0,9.458867818852941e-08,A9.5,510.5
244,2026-07-04 08:11:28,2026-07-04 08:11:28,1,2026-07-04 08:11:28,1058.0,8.761615575882352e-08,A8.8,646.5
245,2026-07-05 04:31:09,2026-07-05 04:31:09,1,2026-07-05 04:31:09,1057.0,9.470695677088236e-08,A9.5,514.5
246,2026-07-04 08:11:14,2026-07-04 08:11:14,1,2026-07-04 08:11:14,1056.0,8.61041219452941e-08,A8.6,646.5
247,2026-07-20 22:32:45,2026-07-20 22:32:47,3,2026-07-20 22:32:45,1049.0,9.098471564735293e-08,A9.1,618.0
248,2026-07-20 22:32:51,2026-07-20 22:32:51,1,2026-07-20 22:32:51,1049.0,9.067587189088235e-08,A9.1,618.0
249,2026-07-04 08:11:39,2026-07-04 08:11:39,1,2026-07-04 08:11:39,1041.0,8.646576695735294e-08,A8.6,646.5
250,2026-07-04 08:11:17,2026-07-04 08:11:17,1,2026-07-04 08:11:17,1035.0,8.6149619145e-08,A8.6,646.5
251,2026-07-20 22:32:56,2026-07-20 22:32:56,1,2026-07-20 22:32:56,1034.0,8.952472912235294e-08,A9.0,618.0
252,2026-07-20 22:33:13,2026-07-20 22:33:13,1,2026-07-20 22:33:13,1033.0,8.737754874617647e-08,A8.7,618.0
253,2026-07-05 04:30:58,2026-07-05 04:30:58,1,2026-07-05 04:30:58,1027.0,8.977403304264706e-08,A9.0,509.0
254,2026-07-04 08:11:58,2026-07-04 08:11:58,1,2026-07-04 08:11:58,1023.0,8.368749259147059e-08,A8.4,646.5
255,2026-07-04 08:11:46,2026-07-04 08:11:46,1,2026-07-04 08:11:46,1022.0,8.469981117529412e-08,A8.5,646.5
256,2026-07-05 04:30:47,2026-07-05 04:30:47,1,2026-07-05 04:30:47,1021.0,8.982685785970586e-08,A9.0,506.0
257,2026-07-20 22:33:01,2026-07-20 22:33:01,1,2026-07-20 22:33:01,1020.0,8.680780882588235e-08,A8.7,618.0
258,2026-07-20 22:33:22,2026-07-20 22:33:22,1,2026-07-20 22:33:22,1020.0,8.789832793058824e-08,A8.8,618.0
259,2026-07-04 08:12:04,2026-07-04 08:12:04,1,2026-07-04 08:12:04,1016.0,8.329724395411766e-08,A8.3,646.5
260,2026-07-20 22:33:29,2026-07-20 22:33:29,1,2026-07-20 22:33:29,1003.0,8.651152333323529e-08,A8.7,618.0
261,2026-07-05 04:30:36,2026-07-05 04:30:36,1,2026-07-05 04:30:36,1002.0,8.925528014470586e-08,A8.9,502.5
262,2026-07-05 10:59:10,2026-07-05 10:59:13,4,2026-07-05 10:59:12,1000.0,9.415927038705882e-08,A9.4,494.0
263,2026-07-05 04:30:40,2026-07-05 04:30:40,1,2026-07-05 04:30:40,988.0,8.717654584058824e-08,A8.7,503.0
264,2026-07-04 05:13:04,2026-07-04 05:13:08,5,2026-07-04 05:13:06,955.0,8.569328058264707e-08,A8.6,458.0
265,2026-07-05 04:30:19,2026-07-05 04:30:19,1,2026-07-05 04:30:19,931.0,8.403101883264706e-08,A8.4,496.0
266,2026-07-04 05:18:10,2026-07-04 05:18:16,7,2026-07-04 05:18:16,927.0,7.770396288970587e-08,A7.8,458.0
267,2026-07-04 05:18:18,2026-07-04 05:18:27,10,2026-07-04 05:18:25,925.0,7.824997640911765e-08,A7.8,458.0
268,2026-07-04 05:18:54,2026-07-04 05:18:54,1,2026-07-04 05:18:54,923.0,7.809494193264706e-08,A7.8,458.0
269,2026-07-04 05:18:37,2026-07-04 05:18:45,9,2026-07-04 05:18:37,902.0,7.502603682705882e-08,A7.5,458.0
270,2026-07-20 19:18:09,2026-07-20 19:27:11,543,2026-07-20 19:20:35,901.0,8.211137157794116e-08,A8.2,153.0
271,2026-07-04 05:12:55,2026-07-04 05:13:01,7,2026-07-04 05:13:01,897.0,7.91228346485294e-08,A7.9,458.0
272,2026-07-05 00:30:19,2026-07-05 00:30:23,5,2026-07-05 00:30:22,890.0,8.294297368235295e-08,A8.3,317.0
273,2026-07-05 00:34:00,2026-07-05 00:34:07,8,2026-07-05 00:34:04,882.0,7.262978814529411e-08,A7.3,318.0
274,2026-07-04 05:12:45,2026-07-04 05:12:46,2,2026-07-04 05:12:45,881.0,7.970965663500001e-08,A8.0,457.5
275,2026-07-04 05:18:31,2026-07-04 05:18:35,5,2026-07-04 05:18:33,880.0,7.417612746e-08,A7.4,458.0
276,2026-07-04 05:18:52,2026-07-04 05:18:52,1,2026-07-04 05:18:52,879.0,7.339824550852942e-08,A7.3,458.0
277,2026-07-09 02:25:14,2026-07-09 02:30:52,339,2026-07-09 02:27:13,879.0,8.02420045014706e-08,A8.0,89.0
278,2026-07-04 05:18:29,2026-07-04 05:18:29,1,2026-07-04 05:18:29,874.0,7.235129156294119e-08,A7.2,458.0
279,2026-07-04 05:18:50,2026-07-04 05:18:50,1,2026-07-04 05:18:50,873.0,7.314222656911766e-08,A7.3,458.0
280,2026-07-04 05:19:07,2026-07-04 05:19:07,1,2026-07-04 05:19:07,872.0,7.305309352588234e-08,A7.3,458.0
281,2026-07-04 05:18:48,2026-07-04 05:18:48,1,2026-07-04 05:18:48,871.0,7.316211245029412e-08,A7.3,458.0
282,2026-07-04 05:19:44,2026-07-04 05:19:44,1,2026-07-04 05:19:44,869.0,7.099276073029413e-08,A7.1,458.0
283,2026-07-04 05:19:15,2026-07-04 05:19:15,1,2026-07-04 05:19:15,868.0,7.316119355294118e-08,A7.3,458.0
284,2026-07-04 05:19:05,2026-07-04 05:19:05,1,2026-07-04 05:19:05,859.0,7.17358423897059e-08,A7.2,458.0
285,2026-07-05 19:09:39,2026-07-05 19:09:45,7,2026-07-05 19:09:39,858.0,7.319776095529413e-08,A7.3,404.0
286,2026-07-05 19:04:56,2026-07-05 19:04:58,3,2026-07-05 19:04:56,854.0,7.269363973058825e-08,A7.3,404.0
287,2026-07-05 00:34:13,2026-07-05 00:34:14,2,2026-07-05 00:34:14,852.0,7.102855060411764e-08,A7.1,318.0
288,2026-07-05 19:09:55,2026-07-05 19:09:58,4,2026-07-05 19:09:58,851.0,7.079456163970589e-08,A7.1,404.0
289,2026-07-05 19:09:52,2026-07-05 19:09:52,1,2026-07-05 19:09:52,847.0,7.041616442205884e-08,A7.0,404.0
290,2026-07-05 00:34:21,2026-07-05 00:34:21,1,2026-07-05 00:34:21,843.0,7.007603103264706e-08,A7.0,318.0
291,2026-07-05 00:34:11,2026-07-05 00:34:11,1,2026-07-05 00:34:11,837.0,7.126447160911765e-08,A7.1,318.0
292,2026-07-05 19:10:31,2026-07-05 19:10:31,1,2026-07-05 19:10:31,814.0,6.786287853882353e-08,A6.8,404.0
293,2026-07-04 23:49:16,2026-07-04 23:49:16,1,2026-07-04 23:49:16,812.0,6.729787447411764e-08,A6.7,448.0
294,2026-07-05 19:09:48,2026-07-05 19:09:48,1,2026-07-05 19:09:48,811.0,6.692722898029413e-08,A6.7,404.0
295,2026-07-05 19:10:04,2026-07-05 19:10:04,1,2026-07-05 19:10:04,802.0,6.617969420294118e-08,A6.6,404.0
296,2026-07-04 23:47:58,2026-07-04 23:47:58,1,2026-07-04 23:47:58,785.0,6.667328345029412e-08,A6.7,448.0
297,2026-07-04 23:49:07,2026-07-04 23:49:09,3,2026-07-04 23:49:07,779.0,6.557955998558825e-08,A6.6,448.0
298,2026-08-25 04:02:29,2026-08-25 04:02:29,1,2026-08-25 04:02:29,778.0,7.094438903117648e-08,A7.1,242.0
299,2026-07-04 23:49:18,2026-07-04 23:49:21,4,2026-07-04 23:49:19,778.0,6.498069808764706e-08,A6.5,448.0
300,2026-08-26 12:12:29,2026-08-26 12:22:01,573,2026-08-26 12:14:23,778.0,7.056995014058825e-08,A7.1,147.0
301,2026-07-04 23:48:48,2026-07-04 23:48:51,4,2026-07-04 23:48:50,777.0,6.723932421970588e-08,A6.7,448.0
302,2026-07-27 02:40:22,2026-07-27 02:47:16,415,2026-07-27 02:43:17,775.0,6.6139993125e-08,A6.6,170.0
303,2026-07-04 23:49:42,2026-07-04 23:49:43,2,2026-07-04 23:49:42,769.0,6.482625264794118e-08,A6.5,448.0
304,2026-08-25 04:03:31,2026-08-25 04:03:31,1,2026-08-25 04:03:31,767.0,6.706407400147058e-08,A6.7,232.0
305,2026-07-04 23:49:33,2026-07-04 23:49:36,4,2026-07-04 23:49:33,767.0,6.39291732167647e-08,A6.4,448.0
306,2026-07-04 23:48:38,2026-07-04 23:48:42,5,2026-07-04 23:48:39,766.0,6.41871477582353e-08,A6.4,448.0
307,2026-07-04 23:48:24,2026-07-04 23:48:25,2,2026-07-04 23:48:24,764.0,6.420020081294118e-08,A6.4,448.0
308,2026-07-04 23:48:27,2026-07-04 23:48:29,3,2026-07-04 23:48:29,764.0,6.29238288282353e-08,A6.3,448.0
309,2026-08-25 04:03:08,2026-08-25 04:03:09,2,2026-08-25 04:03:08,763.0,6.822989556617647e-08,A6.8,235.0
310,2026-08-25 04:03:17,2026-08-25 04:03:17,1,2026-08-25 04:03:17,762.0,6.617154193411766e-08,A6.6,234.0
311,2026-07-04 23:49:05,2026-07-04 23:49:05,1,2026-07-04 23:49:05,759.0,6.366297572205883e-08,A6.4,448.0
312,2026-07-04 23:49:54,2026-07-04 23:49:55,2,2026-07-04 23:49:55,758.0,6.196266219705883e-08,A6.2,448.0
313,2026-07-04 23:48:05,2026-07-04 23:48:06,2,2026-07-04 23:48:05,757.0,6.441260747029412e-08,A6.4,448.0
314,2026-07-04 23:48:34,2026-07-04 23:48:34,1,2026-07-04 23:48:34,757.0,6.302827682735294e-08,A6.3,448.0
315,2026-08-25 04:02:49,2026-08-25 04:02:49,1,2026-08-25 04:02:49,755.0,6.71984215067647e-08,A6.7,238.0
316,2026-08-25 04:03:21,2026-08-25 04:03:22,2,2026-08-25 04:03:22,754.0,6.755888844529411e-08,A6.8,233.5
317,2026-08-25 04:02:57,2026-08-25 04:02:57,1,2026-08-25 04:02:57,752.0,6.799830987176471e-08,A6.8,237.0
318,2026-07-04 23:50:02,2026-07-04 23:50:03,2,2026-07-04 23:50:03,751.0,6.11638105367647e-08,A6.1,448.0
319,2026-07-04 23:49:31,2026-07-04 23:49:31,1,2026-07-04 23:49:31,750.0,6.316415582823529e-08,A6.3,448.0
320,2026-07-04 23:48:32,2026-07-04 23:48:32,1,2026-07-04 23:48:32,748.0,6.268934507294118e-08,A6.3,448.0
321,2026-07-04 23:47:42,2026-07-04 23:47:42,1,2026-07-04 23:47:42,747.0,6.4251022905e-08,A6.4,448.0
322,2026-08-25 04:02:51,2026-08-25 04:02:51,1,2026-08-25 04:02:51,747.0,6.710304467382354e-08,A6.7,238.0
323,2026-07-04 23:48:03,2026-07-04 23:48:03,1,2026-07-04 23:48:03,747.0,6.4483339005e-08,A6.4,448.0
324,2026-07-04 23:49:11,2026-07-04 23:49:11,1,2026-07-04 23:49:11,746.0,6.331325281411764e-08,A6.3,448.0
325,2026-08-25 04:02:59,2026-08-25 04:02:59,1,2026-08-25 04:02:59,746.0,6.649325025352941e-08,A6.6,237.0
326,2026-07-04 23:48:53,2026-07-04 23:48:53,1,2026-07-04 23:48:53,746.0,6.307410388764705e-08,A6.3,448.0
327,2026-07-04 23:48:15,2026-07-04 23:48:15,1,2026-07-04 23:48:15,744.0,6.15347387682353e-08,A6.2,448.0
328,2026-08-25 04:03:12,2026-08-25 04:03:13,2,2026-08-25 04:03:12,743.0,6.523235815500001e-08,A6.5,235.0
329,2026-07-04 23:48:46,2026-07-04 23:48:46,1,2026-07-04 23:48:46,743.0,6.179954613617647e-08,A6.2,448.0
330,2026-07-04 23:49:50,2026-07-04 23:49:50,1,2026-07-04 23:49:50,743.0,6.155219781794118e-08,A6.2,448.0
331,2026-07-04 23:48:11,2026-07-04 23:48:11,1,2026-07-04 23:48:11,743.0,6.324127252147058e-08,A6.3,448.0
332,2026-08-25 04:03:02,2026-08-25 04:03:02,1,2026-08-25 04:03:02,741.0,6.552965679088234e-08,A6.6,236.5
333,2026-07-04 23:48:13,2026-07-04 23:48:13,1,2026-07-04 23:48:13,740.0,6.27647889017647e-08,A6.3,448.0
334,2026-07-04 23:47:47,2026-07-04 23:47:47,1,2026-07-04 23:47:47,740.0,6.369268673647058e-08,A6.4,448.0
335,2026-07-04 23:48:55,2026-07-04 23:48:57,3,2026-07-04 23:48:56,739.0,6.099888024264706e-08,A6.1,448.0
336,2026-07-04 23:48:18,2026-07-04 23:48:18,1,2026-07-04 23:48:18,737.0,6.175397825205882e-08,A6.2,448.0
337,2026-07-04 23:48:09,2026-07-04 23:48:09,1,2026-07-04 23:48:09,736.0,6.166757833941176e-08,A6.2,448.0
338,2026-07-04 23:50:18,2026-07-04 23:50:18,1,2026-07-04 23:50:18,736.0,6.139016558470588e-08,A6.1,448.0
339,2026-07-04 23:49:14,2026-07-04 23:49:14,1,2026-07-04 23:49:14,735.0,6.202121245147058e-08,A6.2,448.0
340,2026-08-25 04:03:38,2026-08-25 04:03:38,1,2026-08-25 04:03:38,731.0,6.496766859441177e-08,A6.5,231.0
341,2026-08-25 04:03:44,2026-08-25 04:03:44,1,2026-08-25 04:03:44,716.0,6.254562010235294e-08,A6.3,230.0
342,2026-08-25 04:03:54,2026-08-25 04:03:54,1,2026-08-25 04:03:54,706.0,6.216948478588234e-08,A6.2,229.0
343,2026-08-25 04:04:08,2026-08-25 04:04:08,1,2026-08-25 04:04:08,702.0,6.179928696e-08,A6.2,228.0
344,2026-07-20 14:43:00,2026-07-20 14:43:08,9,2026-07-20 14:43:01,671.0,5.765319854205884e-08,A5.8,258.0
345,2026-07-20 14:43:10,2026-07-20 14:43:26,17,2026-07-20 14:43:14,669.0,5.7021232777941184e-08,A5.7,258.0
346,2026-07-05 01:21:09,2026-07-05 01:21:10,2,2026-07-05 01:21:10,649.0,5.479580475794118e-08,A5.5,343.0
347,2026-07-20 14:43:33,2026-07-20 14:43:35,3,2026-07-20 14:43:35,643.0,5.5220335335e-08,A5.5,258.0
348,2026-07-05 01:21:57,2026-07-05 01:21:57,1,2026-07-05 01:21:57,642.0,5.434269411705883e-08,A5.4,347.0
349,2026-07-05 01:22:12,2026-07-05 01:22:12,1,2026-07-05 01:22:12,640.0,5.2840226260588245e-08,A5.3,349.0
350,2026-07-05 01:21:23,2026-07-05 01:21:23,1,2026-07-05 01:21:23,638.0,5.323045133647059e-08,A5.3,344.0
351,2026-07-05 01:21:04,2026-07-05 01:21:04,1,2026-07-05 01:21:04,632.0,5.3306507763529416e-08,A5.3,342.0
352,2026-08-20 11:28:36,2026-08-20 11:28:36,1,2026-08-20 11:28:36,632.0,5.787083584588235e-08,A5.8,465.0
353,2026-07-20 14:43:30,2026-07-20 14:43:31,2,2026-07-20 14:43:30,629.0,5.3300122605e-08,A5.3,258.0
354,2026-07-20 14:43:38,2026-07-20 14:43:40,3,2026-07-20 14:43:38,628.0,5.343783940058823e-08,A5.3,258.0
355,2026-07-05 01:21:48,2026-07-05 01:21:48,1,2026-07-05 01:21:48,628.0,5.251267469647059e-08,A5.3,347.0
356,2026-08-20 11:28:44,2026-08-20 11:28:44,1,2026-08-20 11:28:44,628.0,5.705103803823529e-08,A5.7,467.0
357,2026-07-04 17:02:34,2026-07-04 17:02:36,3,2026-07-04 17:02:34,625.0,5.1642620272058816e-08,A5.2,328.0
358,2026-07-21 17:23:33,2026-07-21 17:23:33,1,2026-07-21 17:23:33,623.0,5.6787126006176476e-08,A5.7,306.0
359,2026-07-21 17:30:07,2026-07-21 17:30:09,3,2026-07-21 17:30:09,622.0,5.1980609567647056e-08,A5.2,310.5
360,2026-07-20 14:43:45,2026-07-20 14:43:45,1,2026-07-20 14:43:45,621.0,5.282757375088235e-08,A5.3,258.0
361,2026-07-04 17:02:28,2026-07-04 17:02:30,3,2026-07-04 17:02:30,621.0,5.1604497812647055e-08,A5.2,328.0
362,2026-07-20 14:43:28,2026-07-20 14:43:28,1,2026-07-20 14:43:28,617.0,5.267465980676471e-08,A5.3,258.0
363,2026-08-20 11:28:31,2026-08-20 11:28:31,1,2026-08-20 11:28:31,614.0,5.4182428994117644e-08,A5.4,462.0
364,2026-07-21 17:30:05,2026-07-21 17:30:05,1,2026-07-21 17:30:05,609.0,5.0682490345588246e-08,A5.1,310.5
365,2026-07-04 17:02:19,2026-07-04 17:02:20,2,2026-07-04 17:02:19,609.0,5.274600393970588e-08,A5.3,326.0
366,2026-08-20 11:28:21,2026-08-20 11:28:21,1,2026-08-20 11:28:21,603.0,5.5439032905000006e-08,A5.5,457.0
367,2026-07-04 17:02:23,2026-07-04 17:02:26,4,2026-07-04 17:02:24,602.0,5.115727753941176e-08,A5.1,326.5
368,2026-08-20 11:28:14,2026-08-20 11:28:14,1,2026-08-20 11:28:14,602.0,5.763889672941178e-08,A5.8,455.0
369,2026-07-20 23:23:42,2026-07-20 23:26:08,147,2026-07-20 23:24:23,601.0,5.329701249088235e-08,A5.3,199.5
370,2026-07-04 17:02:40,2026-07-04 17:02:40,1,2026-07-04 17:02:40,600.0,4.962474524647059e-08,A5.0,330.0
371,2026-07-21 17:30:14,2026-07-21 17:30:15,2,2026-07-21 17:30:14,593.0,4.849928448088235e-08,A4.8,310.5
372,2026-07-07 14:24:25,2026-07-07 14:24:42,18,2026-07-07 14:24:28,591.0,5.023830950205883e-08,A5.0,306.5
373,2026-07-20 14:44:01,2026-07-20 14:44:01,1,2026-07-20 14:44:01,589.0,4.9691070786176476e-08,A5.0,258.0
374,2026-07-04 17:02:44,2026-07-04 17:02:44,1,2026-07-04 17:02:44,585.0,4.7803985483823526e-08,A4.8,330.0
375,2026-07-21 17:30:11,2026-07-21 17:30:12,2,2026-07-21 17:30:12,583.0,4.8004257983823524e-08,A4.8,310.5
376,2026-07-20 15:19:27,2026-07-20 15:21:39,133,2026-07-20 15:19:58,582.0,5.1293274347647054e-08,A5.1,138.0
377,2026-07-21 09:52:10,2026-07-21 09:52:10,1,2026-07-21 09:52:10,568.0,4.783840879235294e-08,A4.8,320.5
378,2026-07-21 09:56:44,2026-07-21 09:56:44,1,2026-07-21 09:56:44,562.0,4.7734078600588236e-08,A4.8,320.5
379,2026-07-21 09:56:09,2026-07-21 09:56:09,1,2026-07-21 09:56:09,556.0,4.720747973294118e-08,A4.7,320.5
380,2026-07-05 20:17:36,2026-07-05 20:17:40,5,2026-07-05 20:17:40,553.0,4.565277609617646e-08,A4.6,263.0
381,2026-07-21 09:50:45,2026-07-21 09:50:45,1,2026-07-21 09:50:45,553.0,4.716283074617647e-08,A4.7,320.5
382,2026-07-21 09:55:55,2026-07-21 09:55:55,1,2026-07-21 09:55:55,552.0,4.633438587882353e-08,A4.6,320.5
383,2026-07-05 20:17:14,2026-07-05 20:17:18,5,2026-07-05 20:17:18,549.0,4.591529800147059e-08,A4.6,263.0
384,2026-07-05 20:16:12,2026-07-05 20:16:24,13,2026-07-05 20:16:20,546.0,4.589934688588235e-08,A4.6,262.0
385,2026-07-05 20:17:03,2026-07-05 20:17:12,10,2026-07-05 20:17:07,544.0,4.5229117293529416e-08,A4.5,263.0
386,2026-07-05 20:17:32,2026-07-05 20:17:34,3,2026-07-05 20:17:33,542.0,4.3744414785882354e-08,A4.4,263.0
387,2026-07-05 20:16:48,2026-07-05 20:17:01,14,2026-07-05 20:17:00,541.0,4.469523793147059e-08,A4.5,263.0
388,2026-07-21 09:52:06,2026-07-21 09:52:06,1,2026-07-21 09:52:06,540.0,4.524155774999999e-08,A4.5,320.5
389,2026-07-05 20:15:56,2026-07-05 20:15:58,3,2026-07-05 20:15:56,540.0,4.4476281185294116e-08,A4.4,262.0
390,2026-07-21 09:51:23,2026-07-21 09:51:23,1,2026-07-21 09:51:23,540.0,4.600273461882353e-08,A4.6,320.5
391,2026-07-05 20:16:10,2026-07-05 20:16:10,1,2026-07-05 20:16:10,538.0,4.477357982117648e-08,A4.5,262.0
392,2026-07-21 09:52:25,2026-07-21 09:52:25,1,2026-07-21 09:52:25,537.0,4.526387046264706e-08,A4.5,320.5
393,2026-07-05 20:15:03,2026-07-05 20:15:03,1,2026-07-05 20:15:03,537.0,4.4838868656176466e-08,A4.5,262.0
394,2026-07-05 20:17:23,2026-07-05 20:17:30,8,2026-07-05 20:17:23,534.0,4.4175165591176474e-08,A4.4,263.0
395,2026-07-21 09:50:51,2026-07-21 09:50:51,1,2026-07-21 09:50:51,534.0,4.5216488345294115e-08,A4.5,320.5
396,2026-07-07 14:24:50,2026-07-07 14:24:51,2,2026-07-07 14:24:51,528.0,4.446303963882353e-08,A4.4,306.5
397,2026-07-21 09:49:44,2026-07-21 09:49:44,1,2026-07-21 09:49:44,528.0,4.481151378882353e-08,A4.5,320.5
398,2026-07-05 20:17:20,2026-07-05 20:17:21,2,2026-07-05 20:17:20,526.0,4.2182996129999996e-08,A4.2,263.0
399,2026-07-05 20:16:38,2026-07-05 20:16:44,7,2026-07-05 20:16:39,526.0,4.368758451882353e-08,A4.4,262.5
400,2026-07-05 20:17:55,2026-07-05 20:18:02,8,2026-07-05 20:17:59,522.0,4.290058427823529e-08,A4.3,263.0
401,2026-07-05 20:16:31,2026-07-05 20:16:33,3,2026-07-05 20:16:31,522.0,4.375605415235293e-08,A4.4,262.0
402,2026-07-07 14:24:46,2026-07-07 14:24:48,3,2026-07-07 14:24:46,520.0,4.4647808691176465e-08,A4.5,306.5
403,2026-07-05 20:15:28,2026-07-05 20:15:29,2,2026-07-05 20:15:29,519.0,4.321670852911765e-08,A4.3,262.0
404,2026-07-05 20:16:08,2026-07-05 20:16:08,1,2026-07-05 20:16:08,518.0,4.345555115647059e-08,A4.3,262.0
405,2026-07-07 14:24:44,2026-07-07 14:24:44,1,2026-07-07 14:24:44,516.0,4.308459936352941e-08,A4.3,306.5
406,2026-07-05 20:17:52,2026-07-05 20:17:53,2,2026-07-05 20:17:52,514.0,4.247586520941176e-08,A4.2,263.0
407,2026-07-20 15:19:16,2026-07-20 15:19:25,10,2026-07-20 15:19:20,514.0,4.347482443941177e-08,A4.3,137.0
408,2026-07-20 23:23:37,2026-07-20 23:23:39,3,2026-07-20 23:23:37,513.0,4.7330965400294113e-08,A4.7,199.5
409,2026-07-05 20:16:01,2026-07-05 20:16:02,2,2026-07-05 20:16:01,513.0,4.314927560029411e-08,A4.3,262.0
410,2026-07-05 20:16:28,2026-07-05 20:16:29,2,2026-07-05 20:16:29,512.0,4.26406070117647e-08,A4.3,262.0
411,2026-07-20 23:23:27,2026-07-20 23:23:27,1,2026-07-20 23:23:27,509.0,4.738713594617647e-08,A4.7,199.5
412,2026-07-05 20:18:23,2026-07-05 20:18:25,3,2026-07-05 20:18:24,508.0,4.087104632470588e-08,A4.1,263.0
413,2026-07-07 14:24:54,2026-07-07 14:24:55,2,2026-07-07 14:24:54,508.0,4.3788663227647064e-08,A4.4,306.5
414,2026-07-05 20:18:11,2026-07-05 20:18:12,2,2026-07-05 20:18:11,507.0,4.066438866617648e-08,A4.1,263.0
415,2026-07-05 20:18:33,2026-07-05 20:18:33,1,2026-07-05 20:18:33,507.0,4.186286642911765e-08,A4.2,263.0
416,2026-07-05 20:15:45,2026-07-05 20:15:46,2,2026-07-05 20:15:45,506.0,4.2954445799999995e-08,A4.3,262.0
417,2026-07-22 03:36:59,2026-07-22 03:41:37,279,2026-07-22 03:38:40,505.0,4.530736493735294e-08,A4.5,102.0
418,2026-07-05 20:15:34,2026-07-05 20:15:34,1,2026-07-05 20:15:34,505.0,4.1337492757941174e-08,A4.1,262.0
419,2026-07-05 20:14:52,2026-07-05 20:14:52,1,2026-07-05 20:14:52,504.0,4.118549771117647e-08,A4.1,262.0
420,2026-07-05 20:17:48,2026-07-05 20:17:48,1,2026-07-05 20:17:48,504.0,4.0770061861764706e-08,A4.1,263.0
421,2026-07-05 20:15:15,2026-07-05 20:15:16,2,2026-07-05 20:15:15,504.0,4.1605033256470586e-08,A4.2,262.0
422,2026-07-05 20:14:55,2026-07-05 20:14:56,2,2026-07-05 20:14:56,503.0,4.1984632109117647e-08,A4.2,262.0
423,2026-07-05 20:17:50,2026-07-05 20:17:50,1,2026-07-05 20:17:50,503.0,4.184250931852942e-08,A4.2,263.0
424,2026-07-05 20:16:36,2026-07-05 20:16:36,1,2026-07-05 20:16:36,502.0,4.251728627470588e-08,A4.3,262.0
425,2026-07-20 15:19:14,2026-07-20 15:19:14,1,2026-07-20 15:19:14,501.0,4.3410713677941185e-08,A4.3,136.0
426,2026-07-20 15:21:41,2026-07-20 15:22:06,26,2026-07-20 15:21:49,501.0,4.317019818617647e-08,A4.3,138.0
427,2026-07-05 20:14:50,2026-07-05 20:14:50,1,2026-07-05 20:14:50,501.0,4.2594874197352944e-08,A4.3,262.0
428,2026-07-05 20:15:38,2026-07-05 20:15:38,1,2026-07-05 20:15:38,500.0,4.063627983176471e-08,A4.1,262.0
429,2026-07-20 23:23:29,2026-07-20 23:23:29,1,2026-07-20 23:23:29,500.0,4.554224923764707e-08,A4.6,199.5
430,2026-07-20 23:27:43,2026-07-20 23:30:10,148,2026-07-20 23:28:39,499.0,4.331307494382354e-08,A4.3,199.5
431,2026-07-05 20:14:46,2026-07-05 20:14:46,1,2026-07-05 20:14:46,498.0,4.11153316517647e-08,A4.1,262.0
432,2026-07-05 20:17:44,2026-07-05 20:17:45,2,2026-07-05 20:17:44,498.0,4.081605385235294e-08,A4.1,263.0
433,2026-07-05 20:18:36,2026-07-05 20:18:36,1,2026-07-05 20:18:36,496.0,3.9778218195882355e-08,A4.0,263.0
434,2026-07-05 20:18:28,2026-07-05 20:18:28,1,2026-07-05 20:18:28,496.0,4.055989354411765e-08,A4.1,263.0
435,2026-07-05 20:15:42,2026-07-05 20:15:42,1,2026-07-05 20:15:42,496.0,4.0512063758823534e-08,A4.1,262.0
436,2026-07-20 23:26:13,2026-07-20 23:26:26,14,2026-07-20 23:26:22,495.0,4.2538373790882356e-08,A4.3,199.5
437,2026-07-05 20:15:00,2026-07-05 20:15:00,1,2026-07-05 20:15:00,495.0,4.099688813911765e-08,A4.1,262.0
438,2026-07-05 20:18:09,2026-07-05 20:18:09,1,2026-07-05 20:18:09,494.0,4.162383531000001e-08,A4.2,263.0
439,2026-07-20 15:22:09,2026-07-20 15:22:14,6,2026-07-20 15:22:12,494.0,4.145574777882352e-08,A4.1,138.0
440,2026-07-05 20:18:14,2026-07-05 20:18:14,1,2026-07-05 20:18:14,493.0,4.0135339405588234e-08,A4.0,263.0
441,2026-07-05 20:15:05,2026-07-05 20:15:05,1,2026-07-05 20:15:05,493.0,4.1664525969705884e-08,A4.2,262.0
442,2026-07-05 20:19:22,2026-07-05 20:19:22,1,2026-07-05 20:19:22,492.0,3.9412120065882356e-08,A3.9,263.0
443,2026-07-07 14:25:10,2026-07-07 14:25:10,1,2026-07-07 14:25:10,492.0,4.1904735162352944e-08,A4.2,306.5
444,2026-07-05 20:15:40,2026-07-05 20:15:40,1,2026-07-05 20:15:40,492.0,4.0980937023529415e-08,A4.1,262.0
445,2026-07-20 23:23:31,2026-07-20 23:23:32,2,2026-07-20 23:23:32,492.0,4.622854775294118e-08,A4.6,199.5
446,2026-07-20 23:23:34,2026-07-20 23:23:35,2,2026-07-20 23:23:34,491.0,4.502703056029411e-08,A4.5,199.5
447,2026-07-05 20:18:19,2026-07-05 20:18:19,1,2026-07-05 20:18:19,491.0,4.058022709323529e-08,A4.1,263.0
448,2026-07-05 20:15:08,2026-07-05 20:15:08,1,2026-07-05 20:15:08,490.0,4.055395605352941e-08,A4.1,262.0
449,2026-07-05 20:14:43,2026-07-05 20:14:43,1,2026-07-05 20:14:43,489.0,4.05946467132353e-08,A4.1,262.0
450,2026-07-07 14:25:57,2026-07-07 14:25:57,1,2026-07-07 14:25:57,489.0,4.079826494205882e-08,A4.1,306.5
451,2026-08-25 06:47:32,2026-08-25 06:47:48,17,2026-08-25 06:47:33,489.0,4.1216433922058823e-08,A4.1,234.0
452,2026-08-19 15:15:24,2026-08-19 15:19:48,265,2026-08-19 15:16:42,489.0,4.1814989520882356e-08,A4.2,77.0
453,2026-07-05 20:18:07,2026-07-05 20:18:07,1,2026-07-05 20:18:07,488.0,3.994112220352942e-08,A4.0,263.0
454,2026-07-05 20:18:04,2026-07-05 20:18:04,1,2026-07-05 20:18:04,488.0,4.046861640705882e-08,A4.0,263.0
455,2026-07-05 20:15:53,2026-07-05 20:15:53,1,2026-07-05 20:15:53,487.0,4.007200617264706e-08,A4.0,262.0
456,2026-07-05 20:18:40,2026-07-05 20:18:40,1,2026-07-05 20:18:40,487.0,3.940375574382352e-08,A3.9,263.0
457,2026-07-20 23:23:22,2026-07-20 23:23:23,2,2026-07-20 23:23:22,487.0,4.5240356115e-08,A4.5,199.5
458,2026-07-05 20:16:05,2026-07-05 20:16:05,1,2026-07-05 20:16:05,486.0,3.963303241411764e-08,A4.0,262.0
459,2026-08-21 06:33:09,2026-08-21 06:37:19,251,2026-08-21 06:34:48,480.0,3.967765783941176e-08,A4.0,138.0
460,2026-07-20 23:27:13,2026-07-20 23:27:24,12,2026-07-20 23:27:14,474.0,4.1281534265294116e-08,A4.1,199.5
461,2026-07-20 23:26:44,2026-07-20 23:27:00,17,2026-07-20 23:26:50,471.0,4.0485274366764707e-08,A4.0,199.5
462,2026-08-02 05:33:22,2026-08-02 05:39:01,340,2026-08-02 05:35:42,470.0,3.907740581470588e-08,A3.9,120.0
463,2026-07-20 23:27:28,2026-07-20 23:27:38,11,2026-07-20 23:27:31,470.0,4.0105062915882353e-08,A4.0,199.5
464,2026-07-20 15:22:41,2026-07-20 15:22:43,3,2026-07-20 15:22:41,469.0,3.9232887959117646e-08,A3.9,138.0
465,2026-07-20 15:22:27,2026-07-20 15:22:29,3,2026-07-20 15:22:29,468.0,4.008258527294117e-08,A4.0,138.0
466,2026-07-20 23:23:20,2026-07-20 23:23:20,1,2026-07-20 23:23:20,468.0,4.306989700588235e-08,A4.3,199.5
467,2026-07-20 15:22:21,2026-07-20 15:22:21,1,2026-07-20 15:22:21,466.0,3.7902301030588237e-08,A3.8,138.0
468,2026-07-20 15:22:37,2026-07-20 15:22:37,1,2026-07-20 15:22:37,466.0,3.903245052882353e-08,A3.9,138.0
469,2026-07-20 15:22:19,2026-07-20 15:22:19,1,2026-07-20 15:22:19,465.0,3.855657950735294e-08,A3.9,138.0
470,2026-08-25 06:47:51,2026-08-25 06:47:54,4,2026-08-25 06:47:52,465.0,3.990947914852941e-08,A4.0,234.0
471,2026-07-20 23:26:28,2026-07-20 23:26:38,11,2026-07-20 23:26:34,464.0,4.050636188294118e-08,A4.1,199.5
472,2026-07-26 15:36:40,2026-07-26 15:36:40,1,2026-07-26 15:36:40,462.0,3.829191350823529e-08,A3.8,230.0
473,2026-07-20 15:22:45,2026-07-20 15:22:45,1,2026-07-20 15:22:45,460.0,3.837329482764705e-08,A3.8,138.0
474,2026-07-20 23:26:10,2026-07-20 23:26:11,2,2026-07-20 23:26:11,459.0,3.949767176558823e-08,A3.9,199.5
475,2026-07-26 15:36:44,2026-07-26 15:36:44,1,2026-07-26 15:36:44,458.0,3.788891811529412e-08,A3.8,230.0
476,2026-07-20 15:22:51,2026-07-20 15:22:51,1,2026-07-20 15:22:51,457.0,3.8472135196764703e-08,A3.8,138.0
477,2026-08-25 06:47:59,2026-08-25 06:48:00,2,2026-08-25 06:48:00,456.0,3.8410333459411766e-08,A3.8,234.0
478,2026-07-06 00:44:41,2026-07-06 00:44:41,1,2026-07-06 00:44:41,451.0,3.879280681147059e-08,A3.9,226.0
479,2026-07-20 15:22:47,2026-07-20 15:22:47,1,2026-07-20 15:22:47,451.0,3.7225356419117645e-08,A3.7,138.0
480,2026-07-26 15:36:46,2026-07-26 15:36:46,1,2026-07-26 15:36:46,448.0,3.69142272e-08,A3.7,230.0
481,2026-07-20 23:26:40,2026-07-20 23:26:42,3,2026-07-20 23:26:42,447.0,3.907856032676471e-08,A3.9,199.5
482,2026-07-07 14:17:14,2026-07-07 14:17:14,1,2026-07-07 14:17:14,447.0,4.0695207069705886e-08,A4.1,299.5
483,2026-07-26 15:36:32,2026-07-26 15:36:33,2,2026-07-26 15:36:33,446.0,3.720332644411764e-08,A3.7,230.0
484,2026-07-20 23:27:40,2026-07-20 23:27:41,2,2026-07-20 23:27:40,446.0,3.907005463588235e-08,A3.9,199.5
485,2026-07-26 15:36:56,2026-07-26 15:36:56,1,2026-07-26 15:36:56,445.0,3.684771316852941e-08,A3.7,230.0
486,2026-08-25 07:27:39,2026-08-25 07:30:00,142,2026-08-25 07:28:43,445.0,3.925013495558824e-08,A3.9,155.0
487,2026-07-20 15:22:57,2026-07-20 15:22:57,1,2026-07-20 15:22:57,443.0,3.755224826205882e-08,A3.8,138.0
488,2026-07-20 15:22:25,2026-07-20 15:22:25,1,2026-07-20 15:22:25,443.0,3.682933522147059e-08,A3.7,138.0
489,2026-07-06 00:44:51,2026-07-06 00:44:51,1,2026-07-06 00:44:51,443.0,3.694549327147059e-08,A3.7,226.0
490,2026-07-20 23:27:02,2026-07-20 23:27:05,4,2026-07-20 23:27:05,442.0,3.840194557588235e-08,A3.8,199.5
491,2026-07-20 23:30:27,2026-07-20 23:30:29,3,2026-07-20 23:30:27,442.0,3.6507886078235293e-08,A3.7,199.5
492,2026-07-26 15:36:59,2026-07-26 15:36:59,1,2026-07-26 15:36:59,440.0,3.551788020705883e-08,A3.6,230.0
493,2026-08-25 06:47:57,2026-08-25 06:47:57,1,2026-08-25 06:47:57,436.0,3.6527913328235296e-08,A3.7,234.0
494,2026-08-25 06:48:12,2026-08-25 06:48:12,1,2026-08-25 06:48:12,434.0,3.636331289470588e-08,A3.6,234.0
495,2026-07-26 15:37:06,2026-07-26 15:37:06,1,2026-07-26 15:37:06,433.0,3.504153795617647e-08,A3.5,230.0
496,2026-07-20 23:30:32,2026-07-20 23:30:32,1,2026-07-20 23:30:32,432.0,3.6682476575294114e-08,A3.7,199.5
497,2026-07-26 15:36:48,2026-07-26 15:36:48,1,2026-07-26 15:36:48,431.0,3.6053550240882355e-08,A3.6,230.0
498,2026-07-20 23:27:07,2026-07-20 23:27:10,4,2026-07-20 23:27:07,429.0,3.657633215029412e-08,A3.7,199.5
499,2026-07-06 00:44:57,2026-07-06 00:44:57,1,2026-07-06 00:44:57,428.0,3.5997968731764706e-08,A3.6,227.0
500,2026-07-26 15:37:14,2026-07-26 15:37:14,1,2026-07-26 15:37:14,425.0,3.5492787240882353e-08,A3.5,230.0
501,2026-07-20 23:30:43,2026-07-20 23:30:45,3,2026-07-20 23:30:45,425.0,3.5838528260294114e-08,A3.6,199.5
502,2026-07-06 00:44:01,2026-07-06 00:44:01,1,2026-07-06 00:44:01,424.0,3.5776726522941177e-08,A3.6,225.0
503,2026-07-26 15:36:50,2026-07-26 15:36:50,1,2026-07-26 15:36:50,424.0,3.4870693732941176e-08,A3.5,230.0
504,2026-07-20 23:30:13,2026-07-20 23:30:25,13,2026-07-20 23:30:22,424.0,3.615253197882353e-08,A3.6,199.5
505,2026-07-06 00:44:35,2026-07-06 00:44:36,2,2026-07-06 00:44:35,423.0,3.6594992835e-08,A3.7,226.0
506,2026-07-06 00:44:38,2026-07-06 00:44:38,1,2026-07-06 00:44:38,418.0,3.543051427411765e-08,A3.5,226.0
507,2026-07-06 00:45:16,2026-07-06 00:45:16,1,2026-07-06 00:45:16,418.0,3.545374588411764e-08,A3.5,227.0
508,2026-07-06 00:44:11,2026-07-06 00:44:12,2,2026-07-06 00:44:11,417.0,3.477015693794118e-08,A3.5,225.0
509,2026-07-06 00:45:00,2026-07-06 00:45:00,1,2026-07-06 00:45:00,416.0,3.512242448470588e-08,A3.5,227.0
510,2026-07-06 00:45:09,2026-07-06 00:45:09,1,2026-07-06 00:45:09,414.0,3.435243562588236e-08,A3.4,227.0
511,2026-07-06 00:45:30,2026-07-06 00:45:30,1,2026-07-06 00:45:30,413.0,3.443548980970588e-08,A3.4,227.0
512,2026-08-19 13:37:54,2026-08-19 13:40:48,175,2026-08-19 13:39:38,409.0,3.3145593540882355e-08,A3.3,110.0
513,2026-07-20 23:30:38,2026-07-20 23:30:38,1,2026-07-20 23:30:38,408.0,3.317398511294118e-08,A3.3,199.5
514,2026-07-20 23:30:36,2026-07-20 23:30:36,1,2026-07-20 23:30:36,406.0,3.464379677117647e-08,A3.5,199.5
515,2026-07-20 23:30:56,2026-07-20 23:30:57,2,2026-07-20 23:30:57,405.0,3.329059083088236e-08,A3.3,199.5
516,2026-08-25 06:37:20,2026-08-25 06:37:22,3,2026-08-25 06:37:22,403.0,3.59807452967647e-08,A3.6,233.0
517,2026-07-20 23:27:26,2026-07-20 23:27:26,1,2026-07-20 23:27:26,403.0,3.445839155911765e-08,A3.4,199.5
518,2026-07-20 23:31:16,2026-07-20 23:31:16,1,2026-07-20 23:31:16,403.0,3.309729252617647e-08,A3.3,199.5
519,2026-07-20 23:31:09,2026-07-20 23:31:09,1,2026-07-20 23:31:09,400.0,3.4162294558235297e-08,A3.4,199.5
520,2026-08-19 04:54:33,2026-08-19 04:54:33,1,2026-08-19 04:54:33,399.0,3.3260055165e-08,A3.3,175.0
521,2026-07-20 23:31:27,2026-07-20 23:31:27,1,2026-07-20 23:31:27,398.0,3.269262426882353e-08,A3.3,199.5
522,2026-08-19 04:53:58,2026-08-19 04:53:59,2,2026-08-19 04:53:59,397.0,3.32826741767647e-08,A3.3,175.0
523,2026-07-23 03:26:05,2026-07-23 03:28:40,156,2026-07-23 03:26:48,397.0,3.6783814460294115e-08,A3.7,79.0
524,2026-07-20 23:30:54,2026-07-20 23:30:54,1,2026-07-20 23:30:54,396.0,3.225334421117647e-08,A3.2,199.5
525,2026-08-19 04:55:27,2026-08-19 04:55:27,1,2026-08-19 04:55:27,396.0,3.3163476697058826e-08,A3.3,175.0
526,2026-07-21 16:07:56,2026-07-21 16:09:34,99,2026-07-21 16:08:45,394.0,3.3507238552941176e-08,A3.4,137.0
527,2026-07-26 15:25:48,2026-07-26 15:25:49,2,2026-07-26 15:25:49,394.0,3.573473998235294e-08,A3.6,228.5
528,2026-07-16 21:32:55,2026-07-16 21:37:49,295,2026-07-16 21:35:03,390.0,3.255351734647059e-08,A3.3,59.0
529,2026-08-19 04:54:57,2026-08-19 04:54:57,1,2026-08-19 04:54:57,387.0,3.240910909323529e-08,A3.2,175.0
530,2026-08-19 04:53:54,2026-08-19 04:53:54,1,2026-08-19 04:53:54,386.0,3.220245143470588e-08,A3.2,175.0
531,2026-08-19 04:53:42,2026-08-19 04:53:42,1,2026-08-19 04:53:42,386.0,3.274361129117647e-08,A3.3,175.0
532,2026-08-19 04:54:54,2026-08-19 04:54:54,1,2026-08-19 04:54:54,386.0,3.257415719470588e-08,A3.3,175.0
533,2026-08-19 04:53:39,2026-08-19 04:53:39,1,2026-08-19 04:53:39,385.0,3.207505456323529e-08,A3.2,175.0
534,2026-08-19 04:54:19,2026-08-19 04:54:19,1,2026-08-19 04:54:19,383.0,3.205257692029412e-08,A3.2,175.0
535,2026-08-19 04:54:31,2026-08-19 04:54:31,1,2026-08-19 04:54:31,383.0,3.2364153807352945e-08,A3.2,175.0
536,2026-08-19 04:55:41,2026-08-19 04:55:41,1,2026-08-19 04:55:41,383.0,3.223159697382353e-08,A3.2,175.0
537,2026-08-21 06:37:31,2026-08-21 06:37:53,23,2026-08-21 06:37:37,383.0,3.0975723468529406e-08,A3.1,138.0
538,2026-08-19 04:55:06,2026-08-19 04:55:06,1,2026-08-19 04:55:06,382.0,3.145234845705883e-08,A3.1,175.0
539,2026-08-19 04:53:30,2026-08-19 04:53:30,1,2026-08-19 04:53:30,382.0,3.299110097823529e-08,A3.3,175.0
540,2026-08-19 04:55:11,2026-08-19 04:55:12,2,2026-08-19 04:55:12,381.0,3.086305251617647e-08,A3.1,175.0
541,2026-08-19 04:53:24,2026-08-19 04:53:24,1,2026-08-19 04:53:24,378.0,3.1585046659411764e-08,A3.2,175.0
542,2026-07-21 14:14:05,2026-07-21 14:14:35,31,2026-07-21 14:14:25,377.0,3.1862153115000006e-08,A3.2,122.0
543,2026-07-27 02:47:18,2026-07-27 02:47:48,31,2026-07-27 02:47:18,377.0,3.175556102205883e-08,A3.2,170.0
544,2026-08-19 13:40:50,2026-08-19 13:41:04,15,2026-08-19 13:41:01,376.0,2.961521347235294e-08,A3.0,110.0
545,2026-08-19 04:55:35,2026-08-19 04:55:35,1,2026-08-19 04:55:35,376.0,3.117856416882353e-08,A3.1,175.0
546,2026-08-19 04:54:10,2026-08-19 04:54:10,1,2026-08-19 04:54:10,376.0,3.1876879034117646e-08,A3.2,175.0
547,2026-08-19 04:54:45,2026-08-19 04:54:45,1,2026-08-19 04:54:45,376.0,3.103917450882353e-08,A3.1,175.0
548,2026-08-19 04:54:47,2026-08-19 04:54:47,1,2026-08-19 04:54:47,375.0,3.1129061519117645e-08,A3.1,175.0
549,2026-08-19 04:56:40,2026-08-19 04:56:40,1,2026-08-19 04:56:40,374.0,3.0135262251176466e-08,A3.0,175.0
550,2026-08-19 04:54:23,2026-08-19 04:54:24,2,2026-08-19 04:54:23,374.0,3.170681233941177e-08,A3.2,175.0
551,2026-08-26 06:41:57,2026-08-26 06:42:01,5,2026-08-26 06:41:57,373.0,3.1408594806176475e-08,A3.1,157.0
552,2026-08-19 04:53:10,2026-08-19 04:53:10,1,2026-08-19 04:53:10,373.0,3.2115109063235296e-08,A3.2,175.0
553,2026-08-19 04:53:45,2026-08-19 04:53:45,1,2026-08-19 04:53:45,373.0,3.1516553464411764e-08,A3.2,175.0
554,2026-08-26 12:22:03,2026-08-26 12:22:08,6,2026-08-26 12:22:07,373.0,3.188962578970589e-08,A3.2,147.0
555,2026-08-19 04:55:30,2026-08-19 04:55:30,1,2026-08-19 04:55:30,372.0,3.036696575294117e-08,A3.0,175.0
556,2026-08-19 04:55:04,2026-08-19 04:55:04,1,2026-08-19 04:55:04,372.0,3.122926845352941e-08,A3.1,175.0
557,2026-08-19 04:53:36,2026-08-19 04:53:36,1,2026-08-19 04:53:36,372.0,3.203007571588236e-08,A3.2,175.0
558,2026-08-19 04:52:16,2026-08-19 04:52:16,1,2026-08-19 04:52:16,372.0,3.2327986950000005e-08,A3.2,175.0
559,2026-08-19 04:55:52,2026-08-19 04:55:52,1,2026-08-19 04:55:52,372.0,3.0935456915294127e-08,A3.1,175.0
560,2026-08-19 13:41:20,2026-08-19 13:41:28,9,2026-08-19 13:41:25,371.0,2.9108052817941176e-08,A2.9,110.0
561,2026-08-19 04:52:30,2026-08-19 04:52:30,1,2026-08-19 04:52:30,371.0,3.1234428415588236e-08,A3.1,175.0
562,2026-07-27 02:48:26,2026-07-27 02:48:27,2,2026-07-27 02:48:27,370.0,3.0172300882941185e-08,A3.0,170.0
563,2026-08-21 06:37:21,2026-08-21 06:37:29,9,2026-08-21 06:37:28,370.0,3.003427778823529e-08,A3.0,138.0
564,2026-07-27 02:48:00,2026-07-27 02:48:11,12,2026-07-27 02:48:08,369.0,3.085664379617647e-08,A3.1,170.0
565,2026-08-19 13:41:46,2026-08-19 13:41:47,2,2026-08-19 13:41:47,369.0,2.9338389754411763e-08,A2.9,110.0
566,2026-07-27 02:48:16,2026-07-27 02:48:21,6,2026-07-27 02:48:21,368.0,3.0640420180588235e-08,A3.1,170.0
567,2026-08-25 07:30:34,2026-08-25 07:30:36,3,2026-08-25 07:30:34,368.0,3.073744631647059e-08,A3.1,155.0
568,2026-07-27 02:48:23,2026-07-27 02:48:24,2,2026-07-27 02:48:23,366.0,3.060154375411765e-08,A3.1,170.0
569,2026-07-27 02:47:52,2026-07-27 02:47:53,2,2026-07-27 02:47:52,366.0,3.071906836941177e-08,A3.1,170.0
570,2026-08-25 07:31:01,2026-08-25 07:31:02,2,2026-08-25 07:31:02,366.0,3.012871216235294e-08,A3.0,155.0
571,2026-08-27 01:38:47,2026-08-27 01:45:49,423,2026-08-27 01:41:10,365.0,3.1698589386176465e-08,A3.2,82.0
572,2026-07-27 02:48:30,2026-07-27 02:48:33,4,2026-07-27 02:48:30,365.0,2.9867391892058824e-08,A3.0,170.0
573,2026-08-25 07:27:30,2026-08-25 07:27:37,8,2026-08-25 07:27:35,364.0,3.2064522585882356e-08,A3.2,154.0
574,2026-07-27 02:49:20,2026-07-27 02:49:20,1,2026-07-27 02:49:20,362.0,3.0138419488235296e-08,A3.0,170.0
575,2026-07-20 19:27:30,2026-07-20 19:27:37,8,2026-07-20 19:27:31,361.0,2.8889072510294117e-08,A2.9,153.0
576,2026-07-05 13:27:19,2026-07-05 13:27:19,1,2026-07-05 13:27:19,360.0,2.8145354691176468e-08,A2.8,207.0
577,2026-07-27 02:47:55,2026-07-27 02:47:57,3,2026-07-27 02:47:57,360.0,3.075959409882353e-08,A3.1,170.0
578,2026-08-25 07:30:10,2026-08-25 07:30:10,1,2026-08-25 07:30:10,360.0,3.0065378929411765e-08,A3.0,155.0
579,2026-07-28 03:16:28,2026-07-28 03:21:15,288,2026-07-28 03:19:28,359.0,2.9172705493235293e-08,A2.9,62.0
580,2026-07-22 18:50:02,2026-07-22 18:54:04,243,2026-07-22 18:51:14,358.0,3.092160277058823e-08,A3.1,50.0
581,2026-07-05 13:27:42,2026-07-05 13:27:42,1,2026-07-05 13:27:42,356.0,2.7991074181764704e-08,A2.8,204.5
582,2026-08-21 06:38:07,2026-08-21 06:38:08,2,2026-08-21 06:38:07,356.0,2.770136233941176e-08,A2.8,138.0
583,2026-08-19 13:41:57,2026-08-19 13:41:57,1,2026-08-19 13:41:57,355.0,2.8285945986176474e-08,A2.8,110.0
584,2026-07-27 02:48:55,2026-07-27 02:48:55,1,2026-07-27 02:48:55,355.0,2.9380564786764704e-08,A2.9,170.0
585,2026-07-27 02:48:57,2026-07-27 02:48:58,2,2026-07-27 02:48:58,355.0,2.854969308794117e-08,A2.9,170.0
586,2026-08-25 07:30:07,2026-08-25 07:30:08,2,2026-08-25 07:30:08,354.0,3.03286548017647e-08,A3.0,155.0
587,2026-07-27 02:47:50,2026-07-27 02:47:50,1,2026-07-27 02:47:50,353.0,2.888115585617647e-08,A2.9,170.0
588,2026-08-19 13:41:06,2026-08-19 13:41:10,5,2026-08-19 13:41:09,352.0,2.8248129825882353e-08,A2.8,110.0
589,2026-08-25 07:30:31,2026-08-25 07:30:31,1,2026-08-25 07:30:31,351.0,2.9223551146764707e-08,A2.9,155.0
590,2026-08-19 13:41:15,2026-08-19 13:41:18,4,2026-08-19 13:41:17,351.0,2.8010041165588238e-08,A2.8,110.0
591,2026-08-26 06:42:03,2026-08-26 06:42:06,4,2026-08-26 06:42:03,350.0,2.988602901529412e-08,A3.0,157.0
592,2026-08-25 07:30:04,2026-08-25 07:30:05,2,2026-08-25 07:30:05,349.0,2.8785637654411766e-08,A2.9,155.0
593,2026-07-05 13:27:25,2026-07-05 13:27:25,1,2026-07-05 13:27:25,349.0,2.6142700375588238e-08,A2.6,206.0
594,2026-08-25 07:30:13,2026-08-25 07:30:15,3,2026-08-25 07:30:13,348.0,2.9296426775294124e-08,A2.9,155.0
595,2026-08-26 12:22:10,2026-08-26 12:22:12,3,2026-08-26 12:22:10,348.0,2.9614836488823526e-08,A3.0,147.0
596,2026-07-27 02:49:00,2026-07-27 02:49:00,1,2026-07-27 02:49:00,347.0,2.868799892029412e-08,A2.9,170.0
597,2026-08-21 06:38:04,2026-08-21 06:38:05,2,2026-08-21 06:38:05,346.0,2.8276356467647058e-08,A2.8,138.0
598,2026-08-19 13:41:38,2026-08-19 13:41:38,1,2026-08-19 13:41:38,346.0,2.7519279294705883e-08,A2.8,110.0
599,2026-07-05 13:27:15,2026-07-05 13:27:15,1,2026-07-05 13:27:15,346.0,2.6861961388235298e-08,A2.7,207.0
600,2026-08-26 06:42:10,2026-08-26 06:42:12,3,2026-08-26 06:42:11,345.0,2.959615224264706e-08,A3.0,157.0
601,2026-07-27 02:48:44,2026-07-27 02:48:47,4,2026-07-27 02:48:45,345.0,2.8326613084411765e-08,A2.8,170.0
602,2026-08-25 07:30:20,2026-08-25 07:30:20,1,2026-08-25 07:30:20,345.0,2.854389696617647e-08,A2.9,155.0
603,2026-08-21 06:33:02,2026-08-21 06:33:03,2,2026-08-21 06:33:02,345.0,2.8910136465000004e-08,A2.9,138.0
604,2026-08-21 06:38:24,2026-08-21 06:38:25,2,2026-08-21 06:38:24,345.0,2.7456110992058828e-08,A2.7,138.0
605,2026-07-27 02:48:41,2026-07-27 02:48:41,1,2026-07-27 02:48:41,345.0,2.8919702422058814e-08,A2.9,170.0
606,2026-08-25 07:30:02,2026-08-25 07:30:02,1,2026-08-25 07:30:02,342.0,2.8648203596470587e-08,A2.9,155.0
607,2026-07-20 19:27:20,2026-07-20 19:27:25,6,2026-07-20 19:27:24,342.0,2.8097477782941174e-08,A2.8,153.0
608,2026-07-27 02:48:13,2026-07-27 02:48:13,1,2026-07-27 02:48:13,342.0,2.8920150090000002e-08,A2.9,170.0
609,2026-07-27 02:48:35,2026-07-27 02:48:36,2,2026-07-27 02:48:35,342.0,2.822320179e-08,A2.8,170.0
610,2026-07-05 13:27:29,2026-07-05 13:27:29,1,2026-07-05 13:27:29,341.0,2.7126910125e-08,A2.7,206.0
611,2026-08-26 06:42:14,2026-08-26 06:42:16,3,2026-08-26 06:42:15,341.0,2.926558481029412e-08,A2.9,157.0
612,2026-08-25 07:27:23,2026-08-25 07:27:23,1,2026-08-25 07:27:23,341.0,2.9312048030294117e-08,A2.9,153.5
613,2026-07-27 02:50:06,2026-07-27 02:50:07,2,2026-07-27 02:50:06,341.0,2.834042010617647e-08,A2.8,170.0
614,2026-08-21 06:33:05,2026-08-21 06:33:07,3,2026-08-21 06:33:05,341.0,2.8925310052058826e-08,A2.9,138.0
615,2026-08-21 06:37:57,2026-08-21 06:38:01,5,2026-08-21 06:37:58,340.0,2.634629504294118e-08,A2.6,138.0
616,2026-08-21 06:38:33,2026-08-21 06:38:33,1,2026-08-21 06:38:33,340.0,2.736028649117647e-08,A2.7,138.0
617,2026-07-20 19:18:03,2026-07-20 19:18:03,1,2026-07-20 19:18:03,340.0,2.844943903058824e-08,A2.8,152.5
618,2026-07-20 19:27:13,2026-07-20 19:27:18,6,2026-07-20 19:27:16,340.0,2.764589863764706e-08,A2.8,153.0
619,2026-07-27 02:49:04,2026-07-27 02:49:05,2,2026-07-27 02:49:04,340.0,2.7886414129411767e-08,A2.8,170.0
620,2026-08-21 06:32:56,2026-08-21 06:32:56,1,2026-08-21 06:32:56,339.0,2.8998491979705882e-08,A2.9,138.0
621,2026-07-27 02:49:16,2026-07-27 02:49:16,1,2026-07-27 02:49:16,339.0,2.790933944029412e-08,A2.8,170.0
622,2026-08-19 13:42:03,2026-08-19 13:42:03,1,2026-08-19 13:42:03,338.0,2.6752918902352945e-08,A2.7,110.0
623,2026-08-26 06:42:24,2026-08-26 06:42:24,1,2026-08-26 06:42:24,338.0,2.7907666575882352e-08,A2.8,157.0
624,2026-08-25 07:30:43,2026-08-25 07:30:43,1,2026-08-25 07:30:43,338.0,2.814271580647059e-08,A2.8,155.0
625,2026-08-25 07:30:50,2026-08-25 07:30:50,1,2026-08-25 07:30:50,338.0,2.7817473266470585e-08,A2.8,155.0
626,2026-07-20 19:27:45,2026-07-20 19:27:46,2,2026-07-20 19:27:46,338.0,2.7374706111176467e-08,A2.7,153.0
627,2026-08-19 13:42:09,2026-08-19 13:42:09,1,2026-08-19 13:42:09,338.0,2.6293752963529413e-08,A2.6,110.0
628,2026-08-26 06:42:08,2026-08-26 06:42:08,1,2026-08-26 06:42:08,337.0,2.8406156609117645e-08,A2.8,157.0
629,2026-08-25 07:31:05,2026-08-25 07:31:05,1,2026-08-25 07:31:05,337.0,2.7829466054999997e-08,A2.8,155.0
630,2026-08-19 13:41:13,2026-08-19 13:41:13,1,2026-08-19 13:41:13,337.0,2.7349801636764707e-08,A2.7,110.0
631,2026-07-27 02:48:50,2026-07-27 02:48:50,1,2026-07-27 02:48:50,337.0,2.7945624105e-08,A2.8,170.0
632,2026-07-27 02:50:03,2026-07-27 02:50:03,1,2026-07-27 02:50:03,337.0,2.7389432030294117e-08,A2.7,170.0
633,2026-08-26 12:22:19,2026-08-26 12:22:21,3,2026-08-26 12:22:19,337.0,2.8907686072058826e-08,A2.9,147.0
634,2026-07-27 02:49:12,2026-07-27 02:49:13,2,2026-07-27 02:49:12,336.0,2.7907053977647056e-08,A2.8,170.0
635,2026-08-25 07:30:24,2026-08-25 07:30:24,1,2026-08-25 07:30:24,336.0,2.775399866470588e-08,A2.8,155.0
636,2026-08-21 06:38:10,2026-08-21 06:38:12,3,2026-08-21 06:38:10,334.0,2.744180917941176e-08,A2.7,138.0
637,2026-08-19 13:41:32,2026-08-19 13:41:32,1,2026-08-19 13:41:32,334.0,2.6106674887058826e-08,A2.6,110.0
638,2026-08-19 13:41:42,2026-08-19 13:41:42,1,2026-08-19 13:41:42,333.0,2.6668026923823528e-08,A2.7,110.0
639,2026-08-26 12:22:27,2026-08-26 12:22:27,1,2026-08-26 12:22:27,333.0,2.811795270088236e-08,A2.8,147.0
640,2026-08-19 13:42:00,2026-08-19 13:42:00,1,2026-08-19 13:42:00,333.0,2.629085490264706e-08,A2.6,110.0
641,2026-08-26 06:42:32,2026-08-26 06:42:32,1,2026-08-26 06:42:32,333.0,2.775171320205882e-08,A2.8,157.0
642,2026-07-27 02:50:13,2026-07-27 02:50:13,1,2026-07-27 02:50:13,332.0,2.6742881715882354e-08,A2.7,170.0
643,2026-08-26 12:22:14,2026-08-26 12:22:15,2,2026-08-26 12:22:15,332.0,2.7509524845882356e-08,A2.8,147.0
644,2026-07-21 04:05:05,2026-07-21 04:05:05,1,2026-07-21 04:05:05,332.0,2.7998755221176472e-08,A2.8,153.0
645,2026-07-27 02:49:07,2026-07-27 02:49:07,1,2026-07-27 02:49:07,331.0,2.8170636149117643e-08,A2.8,170.0
646,2026-07-27 02:49:31,2026-07-27 02:49:31,1,2026-07-27 02:49:31,331.0,2.784129391323529e-08,A2.8,170.0
647,2026-07-20 19:17:58,2026-07-20 19:18:01,4,2026-07-20 19:17:58,331.0,2.7886390567941177e-08,A2.8,151.5
648,2026-07-20 19:18:05,2026-07-20 19:18:07,3,2026-07-20 19:18:07,331.0,2.8355122463823533e-08,A2.8,152.5
649,2026-08-21 06:38:14,2026-08-21 06:38:15,2,2026-08-21 06:38:15,331.0,2.6344904916176473e-08,A2.6,138.0
650,2026-08-25 07:27:25,2026-08-25 07:27:26,2,2026-08-25 07:27:26,331.0,2.9724420888529413e-08,A3.0,154.0
651,2026-07-21 04:04:35,2026-07-21 04:04:37,3,2026-07-21 04:04:35,331.0,2.812690605970588e-08,A2.8,153.0
652,2026-08-21 06:38:18,2026-08-21 06:38:18,1,2026-08-21 06:38:18,329.0,2.601085038617647e-08,A2.6,138.0
653,2026-08-26 12:22:33,2026-08-26 12:22:37,5,2026-08-26 12:22:37,329.0,2.7780552442058817e-08,A2.8,147.0
654,2026-08-21 06:32:50,2026-08-21 06:32:50,1,2026-08-21 06:32:50,329.0,2.746624242441177e-08,A2.7,138.0
655,2026-07-22 03:42:01,2026-07-22 03:42:02,2,2026-07-22 03:42:02,328.0,2.718852337058823e-08,A2.7,106.0
656,2026-08-26 12:22:24,2026-08-26 12:22:24,1,2026-08-26 12:22:24,328.0,2.7860873495294118e-08,A2.8,147.0
657,2026-08-26 06:42:18,2026-08-26 06:42:18,1,2026-08-26 06:42:18,328.0,2.7929201759999997e-08,A2.8,157.0
658,2026-08-26 06:42:20,2026-08-26 06:42:21,2,2026-08-26 06:42:21,327.0,2.703106206264706e-08,A2.7,157.0
659,2026-08-19 13:41:34,2026-08-19 13:41:34,1,2026-08-19 13:41:34,326.0,2.545783911e-08,A2.5,110.0
660,2026-08-21 06:38:55,2026-08-21 06:38:55,1,2026-08-21 06:38:55,326.0,2.539361054117647e-08,A2.5,138.0
661,2026-08-21 06:38:20,2026-08-21 06:38:20,1,2026-08-21 06:38:20,326.0,2.5468771632352947e-08,A2.5,138.0
662,2026-07-22 03:42:07,2026-07-22 03:42:12,6,2026-07-22 03:42:11,324.0,2.6650238013529413e-08,A2.7,107.0
663,2026-08-25 07:27:28,2026-08-25 07:27:28,1,2026-08-25 07:27:28,324.0,2.858802760058824e-08,A2.9,154.0
664,2026-08-26 12:22:31,2026-08-26 12:22:31,1,2026-08-26 12:22:31,323.0,2.7203390658529412e-08,A2.7,147.0
665,2026-08-26 12:22:29,2026-08-26 12:22:29,1,2026-08-26 12:22:29,322.0,2.6663291068235292e-08,A2.7,147.0
666,2026-07-27 02:40:14,2026-07-27 02:40:14,1,2026-07-27 02:40:14,321.0,2.8889119633235296e-08,A2.9,169.5
667,2026-07-20 19:17:53,2026-07-20 19:17:56,4,2026-07-20 19:17:54,320.0,2.7106812190588232e-08,A2.7,151.5
668,2026-08-21 06:38:29,2026-08-21 06:38:29,1,2026-08-21 06:38:29,320.0,2.54928985782353e-08,A2.5,138.0
669,2026-08-21 06:38:31,2026-08-21 06:38:31,1,2026-08-21 06:38:31,320.0,2.609282074235294e-08,A2.6,138.0
670,2026-07-22 03:41:48,2026-07-22 03:41:53,6,2026-07-22 03:41:48,319.0,2.7195332635588235e-08,A2.7,105.0
671,2026-07-21 04:05:36,2026-07-21 04:05:36,1,2026-07-21 04:05:36,319.0,2.654348099029412e-08,A2.7,153.0
672,2026-08-21 06:32:52,2026-08-21 06:32:53,2,2026-08-21 06:32:52,319.0,2.726912716147059e-08,A2.7,138.0
673,2026-08-26 12:22:40,2026-08-26 12:22:40,1,2026-08-26 12:22:40,318.0,2.6683930916470587e-08,A2.7,147.0
674,2026-07-20 19:27:28,2026-07-20 19:27:28,1,2026-07-20 19:27:28,318.0,2.6040278662941175e-08,A2.6,153.0
675,2026-08-21 06:38:39,2026-08-21 06:38:40,2,2026-08-21 06:38:40,318.0,2.5116480524117643e-08,A2.5,138.0
676,2026-08-26 12:22:50,2026-08-26 12:22:50,1,2026-08-26 12:22:50,317.0,2.625725624558823e-08,A2.6,147.0
677,2026-07-21 14:14:01,2026-07-21 14:14:01,1,2026-07-21 14:14:01,317.0,2.669182400911765e-08,A2.7,122.0
678,2026-08-21 06:33:00,2026-08-21 06:33:00,1,2026-08-21 06:33:00,317.0,2.6389813079117652e-08,A2.6,138.0
679,2026-07-21 04:04:11,2026-07-21 04:04:11,1,2026-07-21 04:04:11,317.0,2.6659026442058828e-08,A2.7,153.0
680,2026-07-22 03:41:39,2026-07-22 03:41:41,3,2026-07-22 03:41:40,315.0,2.5653988352647062e-08,A2.6,104.5
681,2026-07-21 14:13:52,2026-07-21 14:13:52,1,2026-07-21 14:13:52,315.0,2.6523123879705878e-08,A2.7,122.0
682,2026-07-21 04:05:07,2026-07-21 04:05:08,2,2026-07-21 04:05:07,313.0,2.5559082749117646e-08,A2.6,153.0
683,2026-07-21 04:04:53,2026-07-21 04:05:03,11,2026-07-21 04:05:00,312.0,2.6416979454705882e-08,A2.6,153.0
684,2026-07-21 04:05:16,2026-07-21 04:05:23,8,2026-07-21 04:05:17,310.0,2.5682521293529413e-08,A2.6,153.0
685,2026-07-20 19:17:51,2026-07-20 19:17:51,1,2026-07-20 19:17:51,310.0,2.6041927965882356e-08,A2.6,151.0
686,2026-07-22 03:42:05,2026-07-22 03:42:05,1,2026-07-22 03:42:05,309.0,2.4987999824999997e-08,A2.5,106.5
687,2026-07-22 03:41:43,2026-07-22 03:41:43,1,2026-07-22 03:41:43,308.0,2.6229901378235295e-08,A2.6,105.0
688,2026-07-27 02:40:18,2026-07-27 02:40:19,2,2026-07-27 02:40:19,305.0,2.8203669330882356e-08,A2.8,169.5
689,2026-08-19 02:55:43,2026-08-19 02:57:43,121,2026-08-19 02:56:54,304.0,2.636123301529412e-08,A2.6,66.0
690,2026-08-18 06:42:20,2026-08-18 06:44:12,113,2026-08-18 06:43:04,303.0,2.624886836205882e-08,A2.6,41.0
691,2026-07-21 04:04:43,2026-07-21 04:04:43,1,2026-07-21 04:04:43,303.0,2.506132312147059e-08,A2.5,153.0
692,2026-07-20 19:17:44,2026-07-20 19:17:44,1,2026-07-20 19:17:44,301.0,2.490765521029412e-08,A2.5,151.0
693,2026-07-27 02:40:16,2026-07-27 02:40:16,1,2026-07-27 02:40:16,301.0,2.6361680683235293e-08,A2.6,169.5
694,2026-07-21 04:04:45,2026-07-21 04:04:48,4,2026-07-21 04:04:46,299.0,2.5434536815588232e-08,A2.5,153.0
695,2026-07-21 04:05:11,2026-07-21 04:05:14,4,2026-07-21 04:05:14,299.0,2.495077270147059e-08,A2.5,153.0
696,2026-07-22 03:42:16,2026-07-22 03:42:16,1,2026-07-22 03:42:16,299.0,2.5064197620882352e-08,A2.5,107.0
697,2026-07-20 19:17:41,2026-07-20 19:17:41,1,2026-07-20 19:17:41,298.0,2.516775028411765e-08,A2.5,151.0
698,2026-07-20 19:17:46,2026-07-20 19:17:46,1,2026-07-20 19:17:46,297.0,2.61049077767647e-08,A2.6,151.0
699,2026-07-21 04:06:21,2026-07-21 04:06:21,1,2026-07-21 04:06:21,297.0,2.438713520205882e-08,A2.4,153.0
700,2026-07-21 11:41:47,2026-07-21 11:41:57,11,2026-07-21 11:41:47,296.0,2.594881303411765e-08,A2.6,115.0
701,2026-07-21 04:04:25,2026-07-21 04:04:30,6,2026-07-21 04:04:26,295.0,2.458330800617647e-08,A2.5,153.0
702,2026-08-21 21:00:39,2026-08-21 21:00:39,1,2026-08-21 21:00:39,294.0,2.3507514820588236e-08,A2.4,118.0
703,2026-07-21 04:06:57,2026-07-21 04:06:57,1,2026-07-21 04:06:57,294.0,2.303878292470588e-08,A2.3,153.0
704,2026-07-21 04:06:09,2026-07-21 04:06:11,3,2026-07-21 04:06:10,293.0,2.4331247393823532e-08,A2.4,153.0
705,2026-07-22 03:41:45,2026-07-22 03:41:45,1,2026-07-22 03:41:45,291.0,2.441946153970588e-08,A2.4,105.0
706,2026-07-21 04:04:15,2026-07-21 04:04:15,1,2026-07-21 04:04:15,291.0,2.517107245147059e-08,A2.5,153.0
707,2026-07-21 04:04:19,2026-07-21 04:04:20,2,2026-07-21 04:04:19,291.0,2.4408529017352938e-08,A2.4,153.0
708,2026-07-21 04:03:48,2026-07-21 04:03:48,1,2026-07-21 04:03:48,291.0,2.5083612272647058e-08,A2.5,153.0
709,2026-07-21 11:41:41,2026-07-21 11:41:45,5,2026-07-21 11:41:42,290.0,2.6037168548823534e-08,A2.6,115.0
710,2026-07-21 04:04:50,2026-07-21 04:04:50,1,2026-07-21 04:04:50,290.0,2.396135586705882e-08,A2.4,153.0
711,2026-07-21 04:06:06,2026-07-21 04:06:06,1,2026-07-21 04:06:06,290.0,2.402285130529412e-08,A2.4,153.0
712,2026-08-02 05:39:09,2026-08-02 05:39:14,6,2026-08-02 05:39:09,289.0,2.3974715220882346e-08,A2.4,120.0
713,2026-07-21 11:41:25,2026-07-21 11:41:39,15,2026-07-21 11:41:32,289.0,2.5538065917352945e-08,A2.6,115.0
714,2026-07-21 04:05:33,2026-07-21 04:05:34,2,2026-07-21 04:05:33,289.0,2.3727366902647058e-08,A2.4,153.0
715,2026-07-21 11:46:08,2026-07-21 11:46:08,1,2026-07-21 11:46:08,289.0,2.4735892089705884e-08,A2.5,116.0
716,2026-07-21 04:06:36,2026-07-21 04:06:36,1,2026-07-21 04:06:36,288.0,2.437754568352941e-08,A2.4,153.0
717,2026-07-22 06:41:23,2026-07-22 06:41:33,11,2026-07-22 06:41:24,288.0,2.3274727491176473e-08,A2.3,91.5
718,2026-07-21 04:05:59,2026-07-21 04:06:00,2,2026-07-21 04:05:59,288.0,2.324602962e-08,A2.3,153.0
719,2026-07-21 04:04:39,2026-07-21 04:04:39,1,2026-07-21 04:04:39,287.0,2.4681983445000002e-08,A2.5,153.0
720,2026-08-19 00:36:59,2026-08-19 00:36:59,1,2026-08-19 00:36:59,287.0,2.2418951317941173e-08,A2.2,164.5
721,2026-08-21 20:59:08,2026-08-21 20:59:14,7,2026-08-21 20:59:11,286.0,2.368135135058824e-08,A2.4,118.0
722,2026-07-21 04:03:59,2026-07-21 04:03:59,1,2026-07-21 04:03:59,286.0,2.4441161654117645e-08,A2.4,153.0
723,2026-07-21 04:05:47,2026-07-21 04:05:49,3,2026-07-21 04:05:47,285.0,2.352798973852941e-08,A2.4,153.0
724,2026-08-02 05:39:03,2026-08-02 05:39:07,5,2026-08-02 05:39:05,285.0,2.308248945264706e-08,A2.3,120.0
725,2026-07-21 04:04:32,2026-07-21 04:04:32,1,2026-07-21 04:04:32,285.0,2.4311031652058822e-08,A2.4,153.0
726,2026-07-21 04:06:46,2026-07-21 04:06:46,1,2026-07-21 04:06:46,285.0,2.3700176965588232e-08,A2.4,153.0
727,2026-08-21 20:58:51,2026-08-21 20:58:57,7,2026-08-21 20:58:53,285.0,2.259872533852941e-08,A2.3,118.0
728,2026-08-19 14:06:43,2026-08-19 14:06:57,15,2026-08-19 14:06:46,285.0,2.4373893655588234e-08,A2.4,83.0
729,2026-07-21 04:03:53,2026-07-21 04:03:53,1,2026-07-21 04:03:53,285.0,2.4152510077941177e-08,A2.4,153.0
730,2026-07-21 04:04:01,2026-07-21 04:04:03,3,2026-07-21 04:04:03,285.0,2.421947177735294e-08,A2.4,153.0
731,2026-07-21 04:05:31,2026-07-21 04:05:31,1,2026-07-21 04:05:31,283.0,2.3195301773823533e-08,A2.3,153.0
732,2026-08-19 00:37:36,2026-08-19 00:37:36,1,2026-08-19 00:37:36,283.0,2.188749878735294e-08,A2.2,166.0
733,2026-08-02 00:31:06,2026-08-02 00:35:21,256,2026-08-02 00:33:09,283.0,2.3221266514411763e-08,A2.3,83.5
734,2026-08-21 21:00:07,2026-08-21 21:00:07,1,2026-08-21 21:00:07,283.0,2.2589913348529412e-08,A2.3,118.0
735,2026-08-14 21:54:10,2026-08-14 21:58:31,262,2026-08-14 21:56:01,283.0,2.485294547558823e-08,A2.5,55.0
736,2026-07-21 04:06:52,2026-07-21 04:06:52,1,2026-07-21 04:06:52,282.0,2.306380520647059e-08,A2.3,153.0
737,2026-07-21 11:42:15,2026-07-21 11:42:15,1,2026-07-21 11:42:15,282.0,2.394114012529412e-08,A2.4,116.0
738,2026-08-21 20:59:24,2026-08-21 20:59:24,1,2026-08-21 20:59:24,281.0,2.355136271735294e-08,A2.4,118.0
739,2026-07-21 04:06:26,2026-07-21 04:06:26,1,2026-07-21 04:06:26,280.0,2.293200234e-08,A2.3,153.0
740,2026-08-19 00:38:24,2026-08-19 00:38:24,1,2026-08-19 00:38:24,280.0,2.1792286884705885e-08,A2.2,166.0
741,2026-07-21 04:06:02,2026-07-21 04:06:02,1,2026-07-21 04:06:02,279.0,2.2329040746176467e-08,A2.2,153.0
742,2026-08-19 13:37:43,2026-08-19 13:37:44,2,2026-08-19 13:37:43,279.0,2.3483788419705883e-08,A2.3,108.0
743,2026-08-21 20:58:38,2026-08-21 20:58:42,5,2026-08-21 20:58:41,279.0,2.2913930692058827e-08,A2.3,118.0
744,2026-07-21 04:06:33,2026-07-21 04:06:33,1,2026-07-21 04:06:33,279.0,2.2416500924999998e-08,A2.2,153.0
745,2026-07-21 04:05:28,2026-07-21 04:05:28,1,2026-07-21 04:05:28,279.0,2.369560604029412e-08,A2.4,153.0
746,2026-07-21 04:06:31,2026-07-21 04:06:31,1,2026-07-21 04:06:31,279.0,2.3527518509117646e-08,A2.4,153.0
747,2026-08-02 05:39:16,2026-08-02 05:39:17,2,2026-08-02 05:39:16,278.0,2.2228975180588234e-08,A2.2,120.0
748,2026-07-21 11:42:23,2026-07-21 11:42:26,4,2026-07-21 11:42:26,278.0,2.4379948953529408e-08,A2.4,116.0
749,2026-08-21 21:00:15,2026-08-21 21:00:15,1,2026-08-21 21:00:15,278.0,2.2801566038823532e-08,A2.3,118.0
750,2026-08-19 13:37:47,2026-08-19 13:37:52,6,2026-08-19 13:37:50,278.0,2.3443851727058824e-08,A2.3,109.0
751,2026-08-21 20:58:15,2026-08-21 20:58:15,1,2026-08-21 20:58:15,277.0,2.2793060347941173e-08,A2.3,118.0
752,2026-07-21 11:41:16,2026-07-21 11:41:18,3,2026-07-21 11:41:18,277.0,2.4107696160882353e-08,A2.4,115.0
753,2026-08-21 20:59:57,2026-08-21 20:59:57,1,2026-08-21 20:59:57,276.0,2.2425147984705882e-08,A2.2,118.0
754,2026-07-21 11:42:13,2026-07-21 11:42:13,1,2026-07-21 11:42:13,276.0,2.3689220881764715e-08,A2.4,116.0
755,2026-07-21 11:42:02,2026-07-21 11:42:06,5,2026-07-21 11:42:03,275.0,2.3877500593235294e-08,A2.4,115.5
756,2026-07-22 03:36:54,2026-07-22 03:36:55,2,2026-07-22 03:36:55,275.0,2.3278944994411768e-08,A2.3,99.0
757,2026-08-19 00:37:04,2026-08-19 00:37:04,1,2026-08-19 00:37:04,274.0,2.221408433117647e-08,A2.2,165.0
758,2026-08-19 00:37:56,2026-08-19 00:37:56,1,2026-08-19 00:37:56,274.0,2.1681123866470583e-08,A2.2,166.0
759,2026-08-02 05:39:19,2026-08-02 05:39:24,6,2026-08-02 05:39:20,274.0,2.1448807766470592e-08,A2.1,120.0
760,2026-08-19 00:36:37,2026-08-19 00:36:37,1,2026-08-19 00:36:37,273.0,2.1205252845e-08,A2.1,164.0
761,2026-07-21 11:43:04,2026-07-21 11:43:04,1,2026-07-21 11:43:04,273.0,2.3141675866764704e-08,A2.3,116.0
762,2026-07-21 11:42:08,2026-07-21 11:42:08,1,2026-07-21 11:42:08,272.0,2.4468304468235296e-08,A2.4,115.5
763,2026-08-21 21:00:41,2026-08-21 21:00:41,1,2026-08-21 21:00:41,272.0,2.210551307470588e-08,A2.2,118.0
764,2026-07-21 11:42:10,2026-07-21 11:42:10,1,2026-07-21 11:42:10,272.0,2.393534400352941e-08,A2.4,115.5
765,2026-07-21 11:42:28,2026-07-21 11:42:28,1,2026-07-21 11:42:28,271.0,2.2839052338529417e-08,A2.3,116.0
766,2026-08-19 14:06:35,2026-08-19 14:06:41,7,2026-08-19 14:06:40,270.0,2.1962777685882353e-08,A2.2,83.0
767,2026-07-21 11:42:32,2026-07-21 11:42:32,1,2026-07-21 11:42:32,270.0,2.313802383882353e-08,A2.3,116.0
768,2026-07-26 07:30:26,2026-07-26 07:32:56,151,2026-07-26 07:31:11,270.0,2.3509729598823527e-08,A2.4,46.0
769,2026-07-21 11:48:01,2026-07-21 11:48:01,1,2026-07-21 11:48:01,269.0,2.2455801457941175e-08,A2.2,116.0
770,2026-08-21 20:59:45,2026-08-21 20:59:45,1,2026-08-21 20:59:45,268.0,2.267551217117647e-08,A2.3,118.0
771,2026-07-21 11:42:19,2026-07-21 11:42:21,3,2026-07-21 11:42:19,268.0,2.3000754711176472e-08,A2.3,116.0
772,2026-07-21 11:45:54,2026-07-21 11:45:54,1,2026-07-21 11:45:54,268.0,2.233933710882353e-08,A2.2,116.0
773,2026-08-02 05:39:26,2026-08-02 05:39:28,3,2026-08-02 05:39:27,268.0,2.144970310235294e-08,A2.1,120.0
774,2026-07-21 11:42:54,2026-07-21 11:42:54,1,2026-07-21 11:42:54,268.0,2.257165320882353e-08,A2.3,116.0
775,2026-08-21 20:59:37,2026-08-21 20:59:38,2,2026-08-21 20:59:38,268.0,2.221087997117647e-08,A2.2,118.0
776,2026-08-19 14:07:17,2026-08-19 14:07:58,42,2026-08-19 14:07:27,267.0,2.246475481676471e-08,A2.2,82.0
777,2026-08-02 05:33:14,2026-08-02 05:33:20,7,2026-08-02 05:33:19,267.0,2.2895222884411762e-08,A2.3,119.0
778,2026-08-21 20:59:03,2026-08-21 20:59:04,2,2026-08-21 20:59:03,267.0,2.1206148180882353e-08,A2.1,118.0
779,2026-07-21 11:46:42,2026-07-21 11:46:42,1,2026-07-21 11:46:42,267.0,2.2144978537941175e-08,A2.2,116.0
780,2026-07-21 11:41:21,2026-07-21 11:41:23,3,2026-07-21 11:41:23,266.0,2.4045564562941176e-08,A2.4,115.0
781,2026-07-21 16:09:43,2026-07-21 16:09:44,2,2026-07-21 16:09:43,266.0,2.105961939529412e-08,A2.1,136.5
782,2026-08-19 14:06:59,2026-08-19 14:07:05,7,2026-08-19 14:07:05,266.0,2.2248531201176468e-08,A2.2,82.0
783,2026-08-21 20:58:24,2026-08-21 20:58:28,5,2026-08-21 20:58:28,266.0,2.2258097158235295e-08,A2.2,118.0
784,2026-07-21 11:46:34,2026-07-21 11:46:34,1,2026-07-21 11:46:34,266.0,2.2698131182941178e-08,A2.3,116.0
785,2026-08-21 20:59:16,2026-08-21 20:59:19,4,2026-08-21 20:59:19,266.0,2.1893224224705878e-08,A2.2,118.0
786,2026-08-21 20:58:30,2026-08-21 20:58:31,2,2026-08-21 20:58:31,266.0,2.109378352764706e-08,A2.1,118.0
787,2026-07-21 11:43:01,2026-07-21 11:43:01,1,2026-07-21 11:43:01,264.0,2.2111262073529414e-08,A2.2,116.0
788,2026-08-02 05:39:48,2026-08-02 05:39:48,1,2026-08-02 05:39:48,263.0,2.049430903147059e-08,A2.0,120.0
789,2026-08-21 20:59:50,2026-08-21 20:59:50,1,2026-08-21 20:59:50,263.0,2.2257178260882355e-08,A2.2,118.0
790,2026-08-19 14:06:16,2026-08-19 14:06:18,3,2026-08-19 14:06:18,263.0,2.1129761893235297e-08,A2.1,83.0
791,2026-07-21 11:46:02,2026-07-21 11:46:02,1,2026-07-21 11:46:02,263.0,2.2134187384411763e-08,A2.2,116.0
792,2026-07-21 11:45:30,2026-07-21 11:45:30,1,2026-07-21 11:45:30,263.0,2.181031140970588e-08,A2.2,116.0
793,2026-08-21 20:58:47,2026-08-21 20:58:48,2,2026-08-21 20:58:47,262.0,2.1533958921176473e-08,A2.2,118.0
794,2026-07-21 11:42:17,2026-07-21 11:42:17,1,2026-07-21 11:42:17,262.0,2.291555643352941e-08,A2.3,116.0
795,2026-07-21 16:09:50,2026-07-21 16:09:50,1,2026-07-21 16:09:50,262.0,2.101193097882353e-08,A2.1,136.0
796,2026-08-21 21:00:43,2026-08-21 21:00:43,1,2026-08-21 21:00:43,261.0,2.137923074382353e-08,A2.1,118.0
797,2026-07-21 11:42:43,2026-07-21 11:42:43,1,2026-07-21 11:42:43,261.0,2.2610506073823528e-08,A2.3,116.0
798,2026-08-21 20:58:59,2026-08-21 20:59:00,2,2026-08-21 20:58:59,261.0,2.1254873302058824e-08,A2.1,118.0
799,2026-07-21 11:45:26,2026-07-21 11:45:26,1,2026-07-21 11:45:26,261.0,2.2473849544411764e-08,A2.2,116.0
800,2026-08-21 20:58:18,2026-08-21 20:58:20,3,2026-08-21 20:58:19,261.0,2.1085419205588235e-08,A2.1,118.0
801,2026-08-21 20:59:47,2026-08-21 20:59:47,1,2026-08-21 20:59:47,260.0,2.1761562727058826e-08,A2.2,118.0
802,2026-07-21 11:45:13,2026-07-21 11:45:13,1,2026-07-21 11:45:13,260.0,2.213463505235294e-08,A2.2,116.0
803,2026-07-21 16:09:52,2026-07-21 16:09:52,1,2026-07-21 16:09:52,260.0,2.0434627826470588e-08,A2.0,136.0
804,2026-07-21 11:46:38,2026-07-21 11:46:38,1,2026-07-21 11:46:38,260.0,2.1760196161764705e-08,A2.2,116.0
805,2026-08-21 20:59:53,2026-08-21 20:59:53,1,2026-08-21 20:59:53,260.0,2.0907459418235293e-08,A2.1,118.0
806,2026-08-21 21:00:55,2026-08-21 21:00:55,1,2026-08-21 21:00:55,260.0,2.1359792530588235e-08,A2.1,118.0
807,2026-08-02 05:39:31,2026-08-02 05:39:33,3,2026-08-02 05:39:32,259.0,2.0669370757941178e-08,A2.1,120.0
808,2026-08-21 21:00:47,2026-08-21 21:00:50,4,2026-08-21 21:00:48,259.0,2.0277166518529413e-08,A2.0,118.0
809,2026-07-21 11:43:29,2026-07-21 11:43:29,1,2026-07-21 11:43:29,259.0,2.222315549735294e-08,A2.2,116.0
810,2026-08-21 20:59:28,2026-08-21 20:59:29,2,2026-08-21 20:59:29,259.0,2.101101208147059e-08,A2.1,118.0
811,2026-07-21 11:46:18,2026-07-21 11:46:18,1,2026-07-21 11:46:18,259.0,2.1429181061470588e-08,A2.1,116.0
812,2026-07-21 11:44:41,2026-07-21 11:44:41,1,2026-07-21 11:44:41,259.0,2.2149360971470588e-08,A2.2,116.0
813,2026-08-19 14:08:00,2026-08-19 14:08:00,1,2026-08-19 14:08:00,258.0,2.1021638304705884e-08,A2.1,82.0
814,2026-07-21 11:42:00,2026-07-21 11:42:00,1,2026-07-21 11:42:00,258.0,2.219688445764706e-08,A2.2,115.5
815,2026-08-21 21:00:17,2026-08-21 21:00:17,1,2026-08-21 21:00:17,258.0,2.160242855470588e-08,A2.2,118.0
816,2026-08-21 20:59:21,2026-08-21 20:59:22,2,2026-08-21 20:59:21,258.0,2.1084500308235295e-08,A2.1,118.0
817,2026-08-21 21:00:30,2026-08-21 21:00:30,1,2026-08-21 21:00:30,258.0,2.1288118537058825e-08,A2.1,118.0
818,2026-08-21 20:59:41,2026-08-21 20:59:41,1,2026-08-21 20:59:41,258.0,2.1048969610588235e-08,A2.1,118.0
819,2026-08-02 05:40:19,2026-08-02 05:40:19,1,2026-08-02 05:40:19,258.0,2.0827586032941177e-08,A2.1,120.0
820,2026-07-21 16:09:36,2026-07-21 16:09:36,1,2026-07-21 16:09:36,257.0,2.0480172149117646e-08,A2.0,136.5
821,2026-07-08 18:03:18,2026-07-08 18:03:19,2,2026-07-08 18:03:19,257.0,2.0492471236764708e-08,A2.0,107.0
822,2026-08-21 21:01:16,2026-08-21 21:01:16,1,2026-08-21 21:01:16,256.0,2.0731313864117647e-08,A2.1,118.0
823,2026-08-02 05:39:51,2026-08-02 05:39:51,1,2026-08-02 05:39:51,256.0,2.0060330304705883e-08,A2.0,120.0
824,2026-08-21 20:58:33,2026-08-21 20:58:34,2,2026-08-21 20:58:33,256.0,2.0646586815882354e-08,A2.1,118.0
825,2026-07-21 16:09:46,2026-07-21 16:09:46,1,2026-07-21 16:09:46,256.0,2.045800080529412e-08,A2.0,136.0
826,2026-08-21 21:01:21,2026-08-21 21:01:21,1,2026-08-21 21:01:21,256.0,2.044570171764706e-08,A2.0,118.0
827,2026-08-21 17:53:17,2026-08-21 17:53:17,1,2026-08-21 17:53:17,256.0,1.9982436082941175e-08,A2.0,108.0
828,2026-08-19 13:37:38,2026-08-19 13:37:38,1,2026-08-19 13:37:38,255.0,2.1035751625588234e-08,A2.1,108.0
829,2026-08-19 14:06:24,2026-08-19 14:06:33,10,2026-08-19 14:06:27,255.0,2.0885429443235294e-08,A2.1,83.0
830,2026-08-21 20:57:48,2026-08-21 20:57:48,1,2026-08-21 20:57:48,254.0,2.049975173117647e-08,A2.0,118.0
831,2026-07-21 16:07:53,2026-07-21 16:07:53,1,2026-07-21 16:07:53,253.0,2.0745427185e-08,A2.1,137.0
832,2026-08-21 17:52:27,2026-08-21 17:52:30,4,2026-08-21 17:52:28,253.0,1.9497753071470593e-08,A1.9,106.0
833,2026-07-21 16:09:48,2026-07-21 16:09:48,1,2026-07-21 16:09:48,253.0,2.0815122014999998e-08,A2.1,136.0
834,2026-08-21 21:00:32,2026-08-21 21:00:33,2,2026-08-21 21:00:32,253.0,2.0944945717941178e-08,A2.1,118.0
835,2026-07-21 16:09:39,2026-07-21 16:09:39,1,2026-07-21 16:09:39,253.0,2.030266002970588e-08,A2.0,136.5
836,2026-08-21 21:01:41,2026-08-21 21:01:41,1,2026-08-21 21:01:41,253.0,2.0630635700294118e-08,A2.1,118.0
837,2026-08-21 21:01:08,2026-08-21 21:01:08,1,2026-08-21 21:01:08,253.0,2.068256518147059e-08,A2.1,118.0
838,2026-07-08 18:03:23,2026-07-08 18:03:23,1,2026-07-08 18:03:23,252.0,2.1123659472352944e-08,A2.1,107.0
839,2026-08-21 20:58:44,2026-08-21 20:58:45,2,2026-08-21 20:58:44,252.0,2.084624671764706e-08,A2.1,118.0
840,2026-08-21 21:01:50,2026-08-21 21:01:50,1,2026-08-21 21:01:50,252.0,2.010146863235294e-08,A2.0,118.0
841,2026-08-21 20:57:35,2026-08-21 20:57:35,1,2026-08-21 20:57:35,252.0,2.1325911135882352e-08,A2.1,118.0
842,2026-08-21 17:53:36,2026-08-21 17:53:36,1,2026-08-21 17:53:36,252.0,1.9690132478823528e-08,A2.0,108.0
843,2026-07-21 16:09:55,2026-07-21 16:09:55,1,2026-07-21 16:09:55,252.0,2.0109668024117648e-08,A2.0,136.0
844,2026-08-20 23:42:39,2026-08-20 23:45:34,176,2026-08-20 23:43:46,251.0,1.9647462655588234e-08,A2.0,58.0
845,2026-08-21 20:58:22,2026-08-21 20:58:22,1,2026-08-21 20:58:22,251.0,2.0692885105588234e-08,A2.1,118.0
846,2026-08-21 20:58:04,2026-08-21 20:58:04,1,2026-08-21 20:58:04,251.0,2.0628656536764704e-08,A2.1,118.0
847,2026-08-27 01:45:56,2026-08-27 01:45:57,2,2026-08-27 01:45:56,250.0,2.041789918235294e-08,A2.0,82.5
848,2026-08-02 05:33:12,2026-08-02 05:33:12,1,2026-08-02 05:33:12,250.0,2.2290093635294116e-08,A2.2,118.0
849,2026-08-21 17:54:23,2026-08-21 17:54:23,1,2026-08-21 17:54:23,249.0,1.9420000218529413e-08,A1.9,109.0
850,2026-08-21 17:53:26,2026-08-21 17:53:26,1,2026-08-21 17:53:26,249.0,1.9640017230882353e-08,A2.0,108.0
851,2026-08-02 05:39:44,2026-08-02 05:39:44,1,2026-08-02 05:39:44,249.0,1.8885673188529413e-08,A1.9,120.0
852,2026-08-02 05:39:58,2026-08-02 05:39:58,1,2026-08-02 05:39:58,249.0,1.9426833045e-08,A1.9,120.0
853,2026-08-21 17:52:54,2026-08-21 17:52:54,1,2026-08-21 17:52:54,249.0,1.9633184404411765e-08,A2.0,107.0
854,2026-08-19 14:07:09,2026-08-19 14:07:15,7,2026-08-19 14:07:15,249.0,2.0294602006764706e-08,A2.0,82.0
855,2026-08-21 20:59:26,2026-08-21 20:59:26,1,2026-08-21 20:59:26,249.0,2.0319200182058826e-08,A2.0,118.0
856,2026-08-21 20:57:23,2026-08-21 20:57:23,1,2026-08-21 20:57:23,248.0,2.035579114588235e-08,A2.0,118.0
857,2026-08-21 17:52:59,2026-08-21 17:52:59,1,2026-08-21 17:52:59,248.0,1.931720152235294e-08,A1.9,107.0
858,2026-08-21 17:54:47,2026-08-21 17:54:47,1,2026-08-21 17:54:47,248.0,1.9544051361176473e-08,A2.0,109.0
859,2026-08-02 05:39:35,2026-08-02 05:39:35,1,2026-08-02 05:39:35,248.0,1.9235207604705883e-08,A1.9,120.0
860,2026-08-21 17:55:19,2026-08-21 17:55:19,1,2026-08-21 17:55:19,248.0,1.939236261352941e-08,A1.9,109.0
861,2026-08-19 14:06:04,2026-08-19 14:06:04,1,2026-08-19 14:06:04,248.0,2.092018261235294e-08,A2.1,83.0
862,2026-08-21 21:00:13,2026-08-21 21:00:13,1,2026-08-21 21:00:13,247.0,2.0369150499705883e-08,A2.0,118.0
863,2026-07-21 15:33:21,2026-07-21 15:33:21,1,2026-07-21 15:33:21,247.0,1.9814324990294116e-08,A2.0,150.0
864,2026-08-21 20:57:56,2026-08-21 20:57:56,1,2026-08-21 20:57:56,246.0,1.9712892859411766e-08,A2.0,118.0
865,2026-08-02 05:39:46,2026-08-02 05:39:46,1,2026-08-02 05:39:46,246.0,1.8754930588235294e-08,A1.9,120.0
866,2026-07-22 06:41:51,2026-07-22 06:41:51,1,2026-07-22 06:41:51,246.0,1.9451878888235295e-08,A1.9,92.0
867,2026-08-19 14:08:02,2026-08-19 14:08:02,1,2026-08-19 14:08:02,246.0,1.8951715990588235e-08,A1.9,82.0
868,2026-08-02 05:40:08,2026-08-02 05:40:08,1,2026-08-02 05:40:08,246.0,1.883419137529412e-08,A1.9,120.0
869,2026-08-21 20:57:58,2026-08-21 20:57:58,1,2026-08-21 20:57:58,246.0,1.9971173699999998e-08,A2.0,118.0
870,2026-08-21 20:58:02,2026-08-21 20:58:02,1,2026-08-21 20:58:02,244.0,1.9656251084117646e-08,A2.0,118.0
871,2026-08-21 20:57:51,2026-08-21 20:57:51,1,2026-08-21 20:57:51,244.0,1.892787178235294e-08,A1.9,118.0
872,2026-08-21 17:53:38,2026-08-21 17:53:38,1,2026-08-21 17:53:38,243.0,1.9159881583235295e-08,A1.9,108.0
873,2026-07-22 06:41:44,2026-07-22 06:41:44,1,2026-07-22 06:41:44,243.0,1.881824025970588e-08,A1.9,92.0
874,2026-08-19 13:37:40,2026-08-19 13:37:40,1,2026-08-19 13:37:40,243.0,2.0473150830882354e-08,A2.0,108.0
875,2026-08-27 01:45:59,2026-08-27 01:46:12,14,2026-08-27 01:46:02,243.0,2.039389004382353e-08,A2.0,82.5
876,2026-08-21 17:52:49,2026-08-21 17:52:51,3,2026-08-21 17:52:51,243.0,1.9639546001470588e-08,A2.0,107.0
877,2026-08-21 20:58:13,2026-08-21 20:58:13,1,2026-08-21 20:58:13,243.0,2.0030383675588235e-08,A2.0,118.0
878,2026-08-02 00:35:31,2026-08-02 00:35:53,23,2026-08-02 00:35:50,243.0,1.9373065769117647e-08,A1.9,84.0
879,2026-07-22 06:42:02,2026-07-22 06:42:02,1,2026-07-22 06:42:02,242.0,1.974856492588235e-08,A2.0,92.0
880,2026-08-21 17:53:40,2026-08-21 17:53:40,1,2026-08-21 17:53:40,242.0,1.9542213566470587e-08,A2.0,108.0
881,2026-08-27 01:45:51,2026-08-27 01:45:54,4,2026-08-27 01:45:51,241.0,1.9543273832647058e-08,A2.0,82.5
882,2026-07-21 15:33:32,2026-07-21 15:33:32,1,2026-07-21 15:33:32,241.0,1.907864163264706e-08,A1.9,150.0
883,2026-07-22 06:41:37,2026-07-22 06:41:37,1,2026-07-22 06:41:37,241.0,1.922759724970588e-08,A1.9,92.0
884,2026-07-27 19:47:53,2026-07-27 19:48:29,37,2026-07-27 19:48:09,240.0,1.986137724705882e-08,A2.0,65.0
885,2026-08-21 17:55:36,2026-08-21 17:55:36,1,2026-08-21 17:55:36,239.0,1.8090002326764707e-08,A1.8,109.0
886,2026-08-21 17:54:32,2026-08-21 17:54:33,2,2026-08-21 17:54:33,239.0,1.8502705045588235e-08,A1.9,109.0
887,2026-07-21 15:33:11,2026-07-21 15:33:11,1,2026-07-21 15:33:11,239.0,1.9758578550882353e-08,A2.0,150.0
888,2026-07-21 15:33:24,2026-07-21 15:33:24,1,2026-07-21 15:33:24,239.0,1.8823847889705883e-08,A1.9,150.0
889,2026-08-21 17:53:28,2026-08-21 17:53:28,1,2026-08-21 17:53:28,239.0,1.862159622617647e-08,A1.9,108.0
890,2026-08-21 17:53:31,2026-08-21 17:53:31,1,2026-08-21 17:53:31,239.0,1.925568252264706e-08,A1.9,108.0
891,2026-07-08 18:03:21,2026-07-08 18:03:21,1,2026-07-08 18:03:21,238.0,1.904219203764706e-08,A1.9,107.0
892,2026-08-21 17:54:13,2026-08-21 17:54:13,1,2026-08-21 17:54:13,238.0,1.8048699068823526e-08,A1.8,109.0
893,2026-08-21 17:52:41,2026-08-21 17:52:41,1,2026-08-21 17:52:41,237.0,1.834220430794118e-08,A1.8,106.5
894,2026-08-21 17:54:49,2026-08-21 17:54:49,1,2026-08-21 17:54:49,237.0,1.8446063270294118e-08,A1.8,109.0
895,2026-07-08 18:03:33,2026-07-08 18:03:33,1,2026-07-08 18:03:33,236.0,1.929986028e-08,A1.9,107.0
896,2026-07-22 06:42:25,2026-07-22 06:42:25,1,2026-07-22 06:42:25,236.0,1.923289858058824e-08,A1.9,92.0
897,2026-08-19 14:06:20,2026-08-19 14:06:21,2,2026-08-19 14:06:21,236.0,1.9484346594705884e-08,A1.9,83.0
898,2026-08-21 17:56:17,2026-08-21 17:56:17,1,2026-08-21 17:56:17,236.0,1.8425258491764708e-08,A1.8,109.0
899,2026-08-21 17:55:00,2026-08-21 17:55:00,1,2026-08-21 17:55:00,236.0,1.791826276764706e-08,A1.8,109.0
900,2026-08-21 17:54:03,2026-08-21 17:54:03,1,2026-08-21 17:54:03,235.0,1.8349791101470588e-08,A1.8,109.0
901,2026-08-19 14:07:07,2026-08-19 14:07:07,1,2026-08-19 14:07:07,235.0,1.9519570993235298e-08,A2.0,82.0
902,2026-08-21 17:54:20,2026-08-21 17:54:20,1,2026-08-21 17:54:20,235.0,1.8217234267941173e-08,A1.8,109.0
903,2026-08-19 14:06:09,2026-08-19 14:06:09,1,2026-08-19 14:06:09,234.0,1.9236385678235296e-08,A1.9,83.0
904,2026-07-22 06:32:40,2026-07-22 06:32:43,4,2026-07-22 06:32:40,234.0,1.917079054411765e-08,A1.9,86.0
905,2026-08-21 17:53:08,2026-08-21 17:53:08,1,2026-08-21 17:53:08,234.0,1.8594099989999998e-08,A1.9,108.0
906,2026-08-21 20:56:44,2026-08-21 20:56:45,2,2026-08-21 20:56:44,234.0,1.8424645893529412e-08,A1.8,117.0
907,2026-08-21 20:55:32,2026-08-21 20:55:32,1,2026-08-21 20:55:32,234.0,1.8882445267058824e-08,A1.9,116.0
908,2026-08-21 17:53:52,2026-08-21 17:53:52,1,2026-08-21 17:53:52,234.0,1.7883486037058824e-08,A1.8,108.0
909,2026-08-21 17:53:03,2026-08-21 17:53:03,1,2026-08-21 17:53:03,233.0,1.8275383977352943e-08,A1.8,108.0
910,2026-08-20 04:49:53,2026-08-20 04:49:53,1,2026-08-20 04:49:53,231.0,1.8272038248529415e-08,A1.8,94.0
911,2026-08-02 05:33:09,2026-08-02 05:33:10,2,2026-08-02 05:33:10,229.0,1.935647849382353e-08,A1.9,118.0
912,2026-08-20 04:07:08,2026-08-20 04:09:57,170,2026-08-20 04:07:43,229.0,1.9080432304411768e-08,A1.9,44.0
913,2026-08-26 21:39:15,2026-08-26 21:42:06,172,2026-08-26 21:40:10,228.0,1.8616860370588232e-08,A1.9,45.0
914,2026-08-02 00:35:23,2026-08-02 00:35:29,7,2026-08-02 00:35:28,228.0,1.781878623882353e-08,A1.8,84.0
915,2026-08-27 01:46:23,2026-08-27 01:46:24,2,2026-08-27 01:46:23,228.0,1.837497831352941e-08,A1.8,82.5
916,2026-08-02 05:33:06,2026-08-02 05:33:07,2,2026-08-02 05:33:06,227.0,1.9238341280294117e-08,A1.9,118.0
917,2026-08-27 01:46:30,2026-08-27 01:46:31,2,2026-08-27 01:46:30,227.0,1.8456665932058826e-08,A1.8,82.5
918,2026-07-27 19:46:47,2026-07-27 19:47:33,47,2026-07-27 19:47:06,226.0,1.8187146270000003e-08,A1.8,65.0
919,2026-07-22 15:52:43,2026-07-22 15:55:43,181,2026-07-22 15:53:30,226.0,1.9449852601764705e-08,A1.9,46.0
920,2026-08-02 05:32:58,2026-08-02 05:32:58,1,2026-08-02 05:32:58,225.0,1.8803160918529415e-08,A1.9,117.0
921,2026-08-02 05:32:45,2026-08-02 05:32:45,1,2026-08-02 05:32:45,224.0,1.8495377428235293e-08,A1.8,116.0
922,2026-07-09 02:31:01,2026-07-09 02:31:01,1,2026-07-09 02:31:01,224.0,1.8622468000588234e-08,A1.9,93.0
923,2026-08-02 00:35:55,2026-08-02 00:36:01,7,2026-08-02 00:35:59,224.0,1.7454054674117646e-08,A1.7,84.0
924,2026-07-22 06:32:37,2026-07-22 06:32:37,1,2026-07-22 06:32:37,223.0,1.816299576264706e-08,A1.8,86.0
925,2026-08-19 15:19:50,2026-08-19 15:19:56,7,2026-08-19 15:19:51,223.0,1.6916688214411764e-08,A1.7,80.0
926,2026-08-27 01:46:14,2026-08-27 01:46:17,4,2026-08-27 01:46:17,223.0,1.7867817659117645e-08,A1.8,82.5
927,2026-08-27 01:46:39,2026-08-27 01:46:40,2,2026-08-27 01:46:39,222.0,1.7423377639411766e-08,A1.7,82.5
928,2026-08-20 04:48:32,2026-08-20 04:48:33,2,2026-08-20 04:48:33,220.0,1.8279601480588238e-08,A1.8,94.0
929,2026-07-27 19:48:41,2026-07-27 19:49:05,25,2026-07-27 19:48:54,220.0,1.7741174754705882e-08,A1.8,65.0
930,2026-08-20 04:49:11,2026-08-20 04:49:15,5,2026-08-20 04:49:14,219.0,1.7716270280294116e-08,A1.8,94.0
931,2026-08-19 15:19:58,2026-08-19 15:20:02,5,2026-08-19 15:19:58,219.0,1.683756879617647e-08,A1.7,80.0
932,2026-08-19 14:06:06,2026-08-19 14:06:06,1,2026-08-19 14:06:06,218.0,1.8801016824705886e-08,A1.9,83.0
933,2026-07-27 19:46:26,2026-07-27 19:46:45,20,2026-07-27 19:46:35,217.0,1.753117136735294e-08,A1.8,65.0
934,2026-07-27 19:47:40,2026-07-27 19:47:50,11,2026-07-27 19:47:42,217.0,1.8188489273823528e-08,A1.8,65.0
935,2026-08-20 04:48:25,2026-08-20 04:48:25,1,2026-08-20 04:48:25,216.0,1.7774113690588235e-08,A1.8,94.0
936,2026-08-19 14:08:05,2026-08-19 14:08:06,2,2026-08-19 14:08:05,216.0,1.7231587268823527e-08,A1.7,81.0
937,2026-08-20 04:49:34,2026-08-20 04:49:35,2,2026-08-20 04:49:34,216.0,1.7108596392352942e-08,A1.7,94.0
938,2026-08-27 01:47:15,2026-08-27 01:47:15,1,2026-08-27 01:47:15,216.0,1.757322859235294e-08,A1.8,82.5
939,2026-08-02 00:36:14,2026-08-02 00:36:15,2,2026-08-02 00:36:15,215.0,1.6952501649705885e-08,A1.7,84.0
940,2026-08-27 01:38:41,2026-08-27 01:38:45,5,2026-08-27 01:38:45,215.0,1.8171477892058827e-08,A1.8,81.0
941,2026-08-27 01:46:28,2026-08-27 01:46:28,1,2026-08-27 01:46:28,214.0,1.7754369178235293e-08,A1.8,82.5
942,2026-08-20 04:50:20,2026-08-20 04:50:20,1,2026-08-20 04:50:20,213.0,1.6920458049705884e-08,A1.7,94.0
943,2026-08-02 00:36:27,2026-08-02 00:36:27,1,2026-08-02 00:36:27,213.0,1.6335568103823528e-08,A1.6,84.0
944,2026-08-20 04:49:20,2026-08-20 04:49:21,2,2026-08-20 04:49:21,212.0,1.7129236240588237e-08,A1.7,94.0
945,2026-07-27 19:49:20,2026-07-27 19:49:29,10,2026-07-27 19:49:22,212.0,1.6592176080000002e-08,A1.7,65.0
946,2026-08-19 14:08:11,2026-08-19 14:08:11,1,2026-08-19 14:08:11,211.0,1.688294818852941e-08,A1.7,81.0
947,2026-07-15 08:48:20,2026-07-15 08:48:35,16,2026-07-15 08:48:34,211.0,1.743914026323529e-08,A1.7,67.0
948,2026-08-20 04:49:30,2026-08-20 04:49:30,1,2026-08-20 04:49:30,211.0,1.7101598635588236e-08,A1.7,94.0
949,2026-08-27 01:47:01,2026-08-27 01:47:01,1,2026-08-27 01:47:01,211.0,1.707700046029412e-08,A1.7,82.5
950,2026-08-02 00:30:50,2026-08-02 00:31:00,11,2026-08-02 00:30:59,210.0,1.7031597506470586e-08,A1.7,83.0
951,2026-08-20 04:49:27,2026-08-20 04:49:27,1,2026-08-20 04:49:27,210.0,1.7220183517058822e-08,A1.7,94.0
952,2026-08-15 14:47:45,2026-08-15 14:49:25,101,2026-08-15 14:48:20,210.0,1.8414561584117648e-08,A1.8,57.5
953,2026-07-15 08:46:04,2026-07-15 08:46:40,37,2026-07-15 08:46:10,209.0,1.8183305750294118e-08,A1.8,67.0
954,2026-08-20 04:49:02,2026-08-20 04:49:03,2,2026-08-20 04:49:03,208.0,1.6487091921176467e-08,A1.6,94.0
955,2026-08-20 04:50:02,2026-08-20 04:50:02,1,2026-08-20 04:50:02,208.0,1.6536288271764707e-08,A1.7,94.0
956,2026-08-19 02:55:31,2026-08-19 02:55:41,11,2026-08-19 02:55:32,208.0,1.7337095534117647e-08,A1.7,64.0
957,2026-08-27 01:46:42,2026-08-27 01:46:42,1,2026-08-27 01:46:42,208.0,1.684786515882353e-08,A1.7,82.5
958,2026-08-15 08:16:58,2026-08-15 08:20:54,237,2026-08-15 08:18:22,208.0,1.707334843235294e-08,A1.7,12.0
959,2026-08-19 15:20:08,2026-08-19 15:20:10,3,2026-08-19 15:20:10,208.0,1.5300913245882353e-08,A1.5,80.0
960,2026-08-19 14:08:13,2026-08-19 14:08:14,2,2026-08-19 14:08:14,208.0,1.6517156357647057e-08,A1.7,81.0
961,2026-07-15 08:46:42,2026-07-15 08:47:29,48,2026-07-15 08:46:57,208.0,1.7372626231764708e-08,A1.7,67.0
962,2026-07-27 19:47:35,2026-07-27 19:47:38,4,2026-07-27 19:47:38,207.0,1.6626175282058824e-08,A1.7,65.0
963,2026-08-20 04:48:08,2026-08-20 04:48:09,2,2026-08-20 04:48:08,207.0,1.6311865264411764e-08,A1.6,93.5
964,2026-08-27 01:46:21,2026-08-27 01:46:21,1,2026-08-27 01:46:21,207.0,1.661797589029412e-08,A1.7,82.5
965,2026-08-20 04:50:12,2026-08-20 04:50:12,1,2026-08-20 04:50:12,206.0,1.619950061117647e-08,A1.6,94.0
966,2026-08-20 04:47:49,2026-08-20 04:47:51,3,2026-08-20 04:47:51,206.0,1.6665499376470587e-08,A1.7,93.0
967,2026-08-20 04:49:32,2026-08-20 04:49:32,1,2026-08-20 04:49:32,206.0,1.634572309764706e-08,A1.6,94.0
968,2026-07-15 08:45:05,2026-07-15 08:45:29,25,2026-07-15 08:45:28,206.0,1.761799538647059e-08,A1.8,67.0
969,2026-08-19 15:20:04,2026-08-19 15:20:06,3,2026-08-19 15:20:06,205.0,1.5375155439705884e-08,A1.5,80.0
970,2026-08-20 04:48:53,2026-08-20 04:48:53,1,2026-08-20 04:48:53,205.0,1.709702771029412e-08,A1.7,94.0
971,2026-08-20 04:48:49,2026-08-20 04:48:49,1,2026-08-20 04:48:49,205.0,1.681551525970588e-08,A1.7,94.0
972,2026-07-09 02:31:03,2026-07-09 02:31:10,8,2026-07-09 02:31:09,205.0,1.6790917084411764e-08,A1.7,93.0
973,2026-07-08 17:53:27,2026-07-08 17:53:27,1,2026-07-08 17:53:27,204.0,1.840999065882353e-08,A1.8,98.5
974,2026-08-20 04:48:38,2026-08-20 04:48:38,1,2026-08-20 04:48:38,204.0,1.6182489229411763e-08,A1.6,94.0
975,2026-08-02 00:36:49,2026-08-02 00:36:49,1,2026-08-02 00:36:49,203.0,1.6194482017941178e-08,A1.6,84.0
976,2026-08-27 01:38:32,2026-08-27 01:38:35,4,2026-08-27 01:38:34,203.0,1.727680173088235e-08,A1.7,80.0
977,2026-07-09 02:31:17,2026-07-09 02:31:20,4,2026-07-09 02:31:17,203.0,1.6548422429117647e-08,A1.7,93.0
978,2026-08-20 04:47:53,2026-08-20 04:47:53,1,2026-08-20 04:47:53,203.0,1.6966591409117646e-08,A1.7,93.0
979,2026-08-20 04:49:25,2026-08-20 04:49:25,1,2026-08-20 04:49:25,202.0,1.586893317882353e-08,A1.6,94.0
980,2026-07-27 19:46:18,2026-07-27 19:46:21,4,2026-07-27 19:46:18,202.0,1.5856634091176473e-08,A1.6,65.0
981,2026-08-02 00:31:02,2026-08-02 00:31:04,3,2026-08-02 00:31:04,202.0,1.7149404859411765e-08,A1.7,83.0
982,2026-08-20 04:47:56,2026-08-20 04:47:57,2,2026-08-20 04:47:56,202.0,1.6211941067647056e-08,A1.6,93.0
983,2026-08-02 00:30:43,2026-08-02 00:30:48,6,2026-08-02 00:30:47,202.0,1.6395060817058822e-08,A1.6,83.0
984,2026-08-02 00:36:29,2026-08-02 00:36:30,2,2026-08-02 00:36:29,202.0,1.5367403715882353e-08,A1.5,84.0
985,2026-08-18 21:02:35,2026-08-18 21:02:37,3,2026-08-18 21:02:37,202.0,1.666974044117647e-08,A1.7,79.0
986,2026-08-20 04:49:00,2026-08-20 04:49:00,1,2026-08-20 04:49:00,200.0,1.625642512411765e-08,A1.6,94.0
987,2026-08-18 21:02:11,2026-08-18 21:02:12,2,2026-08-18 21:02:11,200.0,1.6658195320588235e-08,A1.7,79.0
988,2026-07-09 02:30:54,2026-07-09 02:30:59,6,2026-07-09 02:30:54,200.0,1.7122827520588234e-08,A1.7,93.0
989,2026-08-02 00:36:20,2026-08-02 00:36:23,4,2026-08-02 00:36:23,199.0,1.558923496147059e-08,A1.6,84.0
990,2026-08-20 04:47:26,2026-08-20 04:47:26,1,2026-08-20 04:47:26,199.0,1.6421473225588234e-08,A1.6,93.0
991,2026-07-15 08:47:31,2026-07-15 08:47:55,25,2026-07-15 08:47:38,199.0,1.6387309093235294e-08,A1.6,67.0
992,2026-08-02 00:30:39,2026-08-02 00:30:41,3,2026-08-02 00:30:39,198.0,1.635693835764706e-08,A1.6,83.0
993,2026-07-15 08:45:31,2026-07-15 08:46:02,32,2026-07-15 08:45:48,198.0,1.6863934081764703e-08,A1.7,67.0
994,2026-08-02 00:36:17,2026-08-02 00:36:18,2,2026-08-02 00:36:18,198.0,1.5349779735882353e-08,A1.5,84.0
995,2026-07-27 19:49:07,2026-07-27 19:49:16,10,2026-07-27 19:49:07,198.0,1.521858946764706e-08,A1.5,65.0
996,2026-07-27 19:50:14,2026-07-27 19:50:14,1,2026-07-27 19:50:14,198.0,1.5383943868235296e-08,A1.5,65.0
997,2026-08-02 00:36:03,2026-08-02 00:36:09,7,2026-08-02 00:36:06,198.0,1.5623092794705885e-08,A1.6,84.0
998,2026-08-20 04:49:39,2026-08-20 04:49:39,1,2026-08-20 04:49:39,198.0,1.5602594315294115e-08,A1.6,94.0
999,2026-08-18 21:02:05,2026-08-18 21:02:06,2,2026-08-18 21:02:05,198.0,1.6427999752941175e-08,A1.6,80.0
1000,2026-07-27 19:46:23,2026-07-27 19:46:24,2,2026-07-27 19:46:24,197.0,1.5989025994411766e-08,A1.6,65.0
1001,2026-07-08 17:53:25,2026-07-08 17:53:25,1,2026-07-08 17:53:25,197.0,1.8249324990882353e-08,A1.8,98.0
1002,2026-07-15 08:49:11,2026-07-15 08:49:13,3,2026-07-15 08:49:13,197.0,1.6321101360882354e-08,A1.6,67.0
1003,2026-08-02 00:36:40,2026-08-02 00:36:41,2,2026-08-02 00:36:41,197.0,1.5801806549117645e-08,A1.6,84.0
1004,2026-07-27 19:48:31,2026-07-27 19:48:39,9,2026-07-27 19:48:39,197.0,1.5755343329117647e-08,A1.6,65.0
1005,2026-08-20 04:50:16,2026-08-20 04:50:16,1,2026-08-20 04:50:16,196.0,1.5734538550588234e-08,A1.6,94.0
1006,2026-08-20 04:48:05,2026-08-20 04:48:05,1,2026-08-20 04:48:05,196.0,1.6174572575294117e-08,A1.6,93.0
1007,2026-07-27 19:49:58,2026-07-27 19:49:59,2,2026-07-27 19:49:58,196.0,1.5578750107058823e-08,A1.6,65.0
1008,2026-07-27 19:50:07,2026-07-27 19:50:10,4,2026-07-27 19:50:09,196.0,1.519337869411765e-08,A1.5,65.0
1009,2026-08-18 21:02:24,2026-08-18 21:02:29,6,2026-08-18 21:02:24,196.0,1.5902626081764703e-08,A1.6,79.0
1010,2026-07-27 19:49:47,2026-07-27 19:49:56,10,2026-07-27 19:49:50,196.0,1.511685103764706e-08,A1.5,65.0
1011,2026-07-27 19:50:01,2026-07-27 19:50:03,3,2026-07-27 19:50:03,196.0,1.525487413235294e-08,A1.5,65.0
1012,2026-08-20 04:49:05,2026-08-20 04:49:05,1,2026-08-20 04:49:05,195.0,1.5758830426764704e-08,A1.6,94.0
1013,2026-08-20 04:48:47,2026-08-20 04:48:47,1,2026-08-20 04:48:47,195.0,1.6171533145588236e-08,A1.6,94.0
1014,2026-07-15 08:48:45,2026-07-15 08:48:51,7,2026-07-15 08:48:47,195.0,1.6422981159705883e-08,A1.6,67.0
1015,2026-08-02 00:30:10,2026-08-02 00:30:11,2,2026-08-02 00:30:10,195.0,1.5408989711470587e-08,A1.5,82.5
1016,2026-08-02 00:36:11,2026-08-02 00:36:12,2,2026-08-02 00:36:11,194.0,1.5291158797058822e-08,A1.5,84.0
1017,2026-08-20 04:48:44,2026-08-20 04:48:44,1,2026-08-20 04:48:44,194.0,1.591977883235294e-08,A1.6,94.0
1018,2026-08-20 04:48:57,2026-08-20 04:48:57,1,2026-08-20 04:48:57,194.0,1.654156604117647e-08,A1.7,94.0
1019,2026-08-02 00:30:30,2026-08-02 00:30:31,2,2026-08-02 00:30:31,194.0,1.5940277311764705e-08,A1.6,83.0
1020,2026-08-02 00:36:37,2026-08-02 00:36:38,2,2026-08-02 00:36:37,194.0,1.4689870067647057e-08,A1.5,84.0
1021,2026-08-15 14:49:44,2026-08-15 14:49:49,6,2026-08-15 14:49:45,193.0,1.614358924147059e-08,A1.6,57.5
1022,2026-08-20 04:49:57,2026-08-20 04:49:57,1,2026-08-20 04:49:57,193.0,1.556826525264706e-08,A1.6,94.0
1023,2026-07-12 13:57:06,2026-07-12 13:57:07,2,2026-07-12 13:57:06,193.0,1.6172287112647057e-08,A1.6,61.0
1024,2026-08-20 04:50:30,2026-08-20 04:50:30,1,2026-08-20 04:50:30,193.0,1.517469444794118e-08,A1.5,94.0
1025,2026-08-18 21:01:48,2026-08-18 21:01:49,2,2026-08-18 21:01:49,193.0,1.5125498097352942e-08,A1.5,80.0
1026,2026-08-19 02:57:45,2026-08-19 02:57:50,6,2026-08-19 02:57:47,192.0,1.472752129764706e-08,A1.5,67.0
1027,2026-08-02 00:36:52,2026-08-02 00:36:52,1,2026-08-02 00:36:52,192.0,1.5160722495882353e-08,A1.5,84.0
1028,2026-08-02 00:36:57,2026-08-02 00:36:57,1,2026-08-02 00:36:57,192.0,1.4974869615882352e-08,A1.5,84.0
1029,2026-08-18 21:02:33,2026-08-18 21:02:33,1,2026-08-18 21:02:33,192.0,1.5995693890588236e-08,A1.6,79.0
1030,2026-08-20 21:08:52,2026-08-20 21:08:52,1,2026-08-20 21:08:52,192.0,1.5541994212941177e-08,A1.6,91.0
1031,2026-08-19 15:20:22,2026-08-19 15:20:26,5,2026-08-19 15:20:26,192.0,1.4676958381764707e-08,A1.5,80.0
1032,2026-08-20 04:48:12,2026-08-20 04:48:12,1,2026-08-20 04:48:12,192.0,1.581940696764706e-08,A1.6,94.0
1033,2026-08-20 04:48:35,2026-08-20 04:48:35,1,2026-08-20 04:48:35,192.0,1.6348267736470585e-08,A1.6,94.0
1034,2026-08-20 04:48:21,2026-08-20 04:48:21,1,2026-08-20 04:48:21,192.0,1.5555659865882353e-08,A1.6,94.0
1035,2026-08-18 21:02:16,2026-08-18 21:02:22,7,2026-08-18 21:02:20,192.0,1.5833072620588234e-08,A1.6,79.0
1036,2026-08-02 00:36:47,2026-08-02 00:36:47,1,2026-08-02 00:36:47,191.0,1.4859771832058824e-08,A1.5,84.0
1037,2026-08-20 04:47:14,2026-08-20 04:47:15,2,2026-08-20 04:47:15,191.0,1.5933892153235292e-08,A1.6,93.0
1038,2026-08-02 00:30:35,2026-08-02 00:30:37,3,2026-08-02 00:30:37,191.0,1.579860218911765e-08,A1.6,83.0
1039,2026-07-22 12:18:05,2026-07-22 12:19:15,71,2026-07-22 12:18:50,191.0,1.5730273924411763e-08,A1.6,53.0
1040,2026-07-15 08:48:14,2026-07-15 08:48:18,5,2026-07-15 08:48:15,191.0,1.5678344443235295e-08,A1.6,67.0
1041,2026-07-15 08:47:57,2026-07-15 08:48:12,16,2026-07-15 08:48:07,191.0,1.603638455029412e-08,A1.6,67.0
1042,2026-07-21 19:23:58,2026-07-21 19:23:58,1,2026-07-21 19:23:58,190.0,1.560014392235294e-08,A1.6,92.0
1043,2026-08-20 21:07:44,2026-08-20 21:07:44,1,2026-08-20 21:07:44,190.0,1.4495959164705884e-08,A1.4,89.0
1044,2026-07-27 19:49:34,2026-07-27 19:49:37,4,2026-07-27 19:49:37,190.0,1.509998102470588e-08,A1.5,65.0
1045,2026-07-27 19:49:31,2026-07-27 19:49:32,2,2026-07-27 19:49:31,190.0,1.571766853764706e-08,A1.6,65.0
1046,2026-07-27 19:49:42,2026-07-27 19:49:45,4,2026-07-27 19:49:44,190.0,1.5309065514705883e-08,A1.5,65.0
1047,2026-08-02 00:30:15,2026-08-02 00:30:16,2,2026-08-02 00:30:16,189.0,1.505731120147059e-08,A1.5,83.0
1048,2026-08-27 01:38:37,2026-08-27 01:38:39,3,2026-08-27 01:38:38,189.0,1.5795256460294117e-08,A1.6,80.0
1049,2026-07-16 21:32:40,2026-07-16 21:32:53,14,2026-07-16 21:32:50,189.0,1.611093304323529e-08,A1.6,59.0
1050,2026-07-15 08:49:04,2026-07-15 08:49:09,6,2026-07-15 08:49:04,189.0,1.6072669215000002e-08,A1.6,67.0
1051,2026-08-19 02:55:22,2026-08-19 02:55:28,7,2026-08-19 02:55:27,188.0,1.4916248677058825e-08,A1.5,64.0
1052,2026-07-15 08:48:53,2026-07-15 08:48:55,3,2026-07-15 08:48:55,188.0,1.5423244401176473e-08,A1.5,67.0
1053,2026-08-20 04:47:17,2026-08-20 04:47:17,1,2026-08-20 04:47:17,188.0,1.513353255882353e-08,A1.5,93.0
1054,2026-08-20 04:47:36,2026-08-20 04:47:36,1,2026-08-20 04:47:36,188.0,1.5236024955882355e-08,A1.5,93.0
1055,2026-08-02 00:30:20,2026-08-02 00:30:23,4,2026-08-02 00:30:22,188.0,1.5259256565882354e-08,A1.5,83.0
1056,2026-08-19 15:20:20,2026-08-19 15:20:20,1,2026-08-19 15:20:20,188.0,1.4038913758235295e-08,A1.4,80.0
1057,2026-08-20 04:47:23,2026-08-20 04:47:23,1,2026-08-20 04:47:23,188.0,1.5207327084705882e-08,A1.5,93.0
1058,2026-08-18 21:01:54,2026-08-18 21:01:56,3,2026-08-18 21:01:55,187.0,1.5656620767352942e-08,A1.6,80.0
1059,2026-08-20 04:47:44,2026-08-20 04:47:44,1,2026-08-20 04:47:44,187.0,1.5500832323823525e-08,A1.6,93.0
1060,2026-08-02 00:37:46,2026-08-02 00:37:46,1,2026-08-02 00:37:46,187.0,1.441987917617647e-08,A1.4,84.0
1061,2026-07-15 08:49:00,2026-07-15 08:49:02,3,2026-07-15 08:49:00,187.0,1.5671652985588236e-08,A1.6,67.0
1062,2026-08-02 00:37:03,2026-08-02 00:37:03,1,2026-08-02 00:37:03,186.0,1.4304781392352943e-08,A1.4,84.0
1063,2026-07-15 08:48:42,2026-07-15 08:48:43,2,2026-07-15 08:48:43,186.0,1.548412724117647e-08,A1.5,67.0
1064,2026-08-02 00:30:25,2026-08-02 00:30:27,3,2026-08-02 00:30:27,186.0,1.5423998368235294e-08,A1.5,83.0
1065,2026-08-15 14:49:58,2026-08-15 14:49:58,1,2026-08-15 14:49:58,185.0,1.4959059869117648e-08,A1.5,57.5
1066,2026-07-27 19:49:18,2026-07-27 19:49:18,1,2026-07-27 19:49:18,185.0,1.507248478852941e-08,A1.5,65.0
1067,2026-07-27 19:50:49,2026-07-27 19:50:49,1,2026-07-27 19:50:49,185.0,1.4005197293823529e-08,A1.4,65.0
1068,2026-07-15 08:49:29,2026-07-15 08:49:31,3,2026-07-15 08:49:29,185.0,1.562594373264706e-08,A1.6,67.0
1069,2026-07-15 08:44:47,2026-07-15 08:44:57,11,2026-07-15 08:44:56,185.0,1.5284302409117645e-08,A1.5,67.0
1070,2026-08-18 21:02:42,2026-08-18 21:02:46,5,2026-08-18 21:02:45,185.0,1.4555923107352941e-08,A1.5,79.0
1071,2026-08-15 14:49:27,2026-08-15 14:49:39,13,2026-08-15 14:49:38,185.0,1.590882274852941e-08,A1.6,57.5
1072,2026-08-02 00:36:32,2026-08-02 00:36:32,1,2026-08-02 00:36:32,184.0,1.4383429581176471e-08,A1.4,84.0
1073,2026-07-27 19:46:07,2026-07-27 19:46:07,1,2026-07-27 19:46:07,184.0,1.4943721351764705e-08,A1.5,65.0
1074,2026-07-16 21:30:34,2026-07-16 21:30:35,2,2026-07-16 21:30:34,184.0,1.5617438041764707e-08,A1.6,58.5
1075,2026-08-02 00:36:34,2026-08-02 00:36:34,1,2026-08-02 00:36:34,183.0,1.4631838165588236e-08,A1.5,84.0
1076,2026-07-15 08:44:24,2026-07-15 08:44:25,2,2026-07-15 08:44:25,183.0,1.605169950617647e-08,A1.6,67.0
1077,2026-08-19 15:20:15,2026-08-19 15:20:17,3,2026-08-19 15:20:16,183.0,1.3619213282647059e-08,A1.4,80.0
1078,2026-08-20 04:47:32,2026-08-20 04:47:32,1,2026-08-20 04:47:32,183.0,1.5347918379705885e-08,A1.5,93.0
1079,2026-07-15 08:49:15,2026-07-15 08:49:15,1,2026-07-15 08:49:15,183.0,1.567042778911765e-08,A1.6,67.0
1080,2026-07-23 03:28:47,2026-07-23 03:28:48,2,2026-07-23 03:28:47,182.0,1.5011437018235294e-08,A1.5,79.0
1081,2026-07-27 19:50:33,2026-07-27 19:50:33,1,2026-07-27 19:50:33,182.0,1.4773654657058822e-08,A1.5,65.0
1082,2026-07-27 19:49:39,2026-07-27 19:49:40,2,2026-07-27 19:49:39,182.0,1.4248893584117649e-08,A1.4,65.0
1083,2026-08-23 19:34:48,2026-08-23 19:36:32,105,2026-08-23 19:35:52,182.0,1.493217623117647e-08,A1.5,42.0
1084,2026-07-27 19:50:31,2026-07-27 19:50:31,1,2026-07-27 19:50:31,182.0,1.3598408504117647e-08,A1.4,65.0
1085,2026-08-20 23:45:51,2026-08-20 23:45:55,5,2026-08-20 23:45:55,182.0,1.4180565319411765e-08,A1.4,60.0
1086,2026-08-27 01:38:23,2026-08-27 01:38:23,1,2026-08-27 01:38:23,181.0,1.5355505173235294e-08,A1.5,80.0
1087,2026-07-28 03:21:20,2026-07-28 03:21:25,6,2026-07-28 03:21:21,181.0,1.3920611614411762e-08,A1.4,62.0
1088,2026-07-09 02:31:32,2026-07-09 02:31:32,1,2026-07-09 02:31:32,181.0,1.5153253509705882e-08,A1.5,93.0
1089,2026-08-02 00:29:59,2026-08-02 00:29:59,1,2026-08-02 00:29:59,181.0,1.5377370217941175e-08,A1.5,82.0
1090,2026-07-15 08:44:36,2026-07-15 08:44:36,1,2026-07-15 08:44:36,181.0,1.572447780264706e-08,A1.6,67.0
1091,2026-07-27 19:46:04,2026-07-27 19:46:04,1,2026-07-27 19:46:04,181.0,1.4508234690882354e-08,A1.5,65.0
1092,2026-08-15 14:53:07,2026-08-15 14:53:07,1,2026-08-15 14:53:07,180.0,1.5337433525294116e-08,A1.5,57.5
1093,2026-07-09 02:31:26,2026-07-09 02:31:26,1,2026-07-09 02:31:26,180.0,1.5147480949411766e-08,A1.5,93.0
1094,2026-08-18 21:02:01,2026-08-18 21:02:03,3,2026-08-18 21:02:03,180.0,1.532513443764706e-08,A1.5,80.0
1095,2026-07-27 19:45:52,2026-07-27 19:45:53,2,2026-07-27 19:45:53,180.0,1.4446432953529412e-08,A1.4,65.0
1096,2026-07-27 19:45:43,2026-07-27 19:45:43,1,2026-07-27 19:45:43,180.0,1.4604954527647059e-08,A1.5,65.0
1097,2026-08-18 21:03:08,2026-08-18 21:03:08,1,2026-08-18 21:03:08,179.0,1.3986960715588237e-08,A1.4,79.0
1098,2026-07-15 08:49:46,2026-07-15 08:49:47,2,2026-07-15 08:49:46,179.0,1.4416062217941177e-08,A1.4,67.0
1099,2026-07-15 08:44:07,2026-07-15 08:44:08,2,2026-07-15 08:44:07,178.0,1.5250727313529412e-08,A1.5,67.0
1100,2026-07-27 19:46:13,2026-07-27 19:46:16,4,2026-07-27 19:46:14,178.0,1.4806593592941174e-08,A1.5,65.0
1101,2026-07-27 19:50:23,2026-07-27 19:50:23,1,2026-07-27 19:50:23,178.0,1.365867874588235e-08,A1.4,65.0
1102,2026-08-19 15:20:50,2026-08-19 15:20:50,1,2026-08-19 15:20:50,178.0,1.3848631321764707e-08,A1.4,80.0
1103,2026-07-15 08:50:10,2026-07-15 08:50:10,1,2026-07-15 08:50:10,178.0,1.4288665346470589e-08,A1.4,67.0
1104,2026-07-22 12:19:17,2026-07-22 12:19:30,14,2026-07-22 12:19:18,178.0,1.4743731589411767e-08,A1.5,53.0
1105,2026-08-15 14:49:42,2026-08-15 14:49:42,1,2026-08-15 14:49:42,178.0,1.499107990764706e-08,A1.5,57.5
1106,2026-07-27 19:50:35,2026-07-27 19:50:35,1,2026-07-27 19:50:35,178.0,1.4049516419999998e-08,A1.4,65.0
1107,2026-07-15 08:44:59,2026-07-15 08:45:03,5,2026-07-15 08:45:02,178.0,1.4959648905882355e-08,A1.5,67.0
1108,2026-07-28 03:15:58,2026-07-28 03:16:00,3,2026-07-28 03:16:00,177.0,1.4725659941470587e-08,A1.5,59.0
1109,2026-07-28 03:16:16,2026-07-28 03:16:22,7,2026-07-28 03:16:20,177.0,1.4226863609117646e-08,A1.4,59.0
1110,2026-07-22 01:06:06,2026-07-22 01:07:20,75,2026-07-22 01:06:36,177.0,1.4474211927352941e-08,A1.4,49.0
1111,2026-07-27 19:50:18,2026-07-27 19:50:18,1,2026-07-27 19:50:18,176.0,1.3927279510588234e-08,A1.4,65.0
1112,2026-08-18 21:02:49,2026-08-18 21:02:50,2,2026-08-18 21:02:50,176.0,1.4053003517647058e-08,A1.4,79.0
1113,2026-07-27 17:24:52,2026-07-27 17:24:53,2,2026-07-27 17:24:53,176.0,1.4247055789411765e-08,A1.4,55.0
1114,2026-08-18 21:01:43,2026-08-18 21:01:43,1,2026-08-18 21:01:43,176.0,1.4316750619411765e-08,A1.4,80.0
1115,2026-07-16 21:32:36,2026-07-16 21:32:38,3,2026-07-16 21:32:38,176.0,1.377422419764706e-08,A1.4,59.0
1116,2026-08-02 00:29:50,2026-08-02 00:29:50,1,2026-08-02 00:29:50,176.0,1.4305818097058824e-08,A1.4,82.0
1117,2026-07-12 13:56:59,2026-07-12 13:57:00,2,2026-07-12 13:57:00,176.0,1.4692556075294119e-08,A1.5,61.0
1118,2026-08-02 00:30:13,2026-08-02 00:30:13,1,2026-08-02 00:30:13,175.0,1.4248116055588233e-08,A1.4,83.0
1119,2026-07-15 08:44:30,2026-07-15 08:44:34,5,2026-07-15 08:44:32,175.0,1.457609172617647e-08,A1.5,67.0
1120,2026-07-16 21:32:13,2026-07-16 21:32:15,3,2026-07-16 21:32:14,175.0,1.4090961046764707e-08,A1.4,59.0
1121,2026-08-18 21:03:15,2026-08-18 21:03:15,1,2026-08-18 21:03:15,175.0,1.3935172603235294e-08,A1.4,79.0
1122,2026-07-27 19:50:37,2026-07-27 19:50:37,1,2026-07-27 19:50:37,174.0,1.3583659023529412e-08,A1.4,65.0
1123,2026-08-18 21:03:01,2026-08-18 21:03:01,1,2026-08-18 21:03:01,174.0,1.4216378754705879e-08,A1.4,79.0
1124,2026-07-16 21:30:59,2026-07-16 21:31:12,14,2026-07-16 21:31:01,174.0,1.3781810991176471e-08,A1.4,58.5
1125,2026-07-27 19:45:55,2026-07-27 19:45:55,1,2026-07-27 19:45:55,174.0,1.445006142e-08,A1.4,65.0
1126,2026-08-15 14:54:13,2026-08-15 14:54:13,1,2026-08-15 14:54:13,174.0,1.5081414585882354e-08,A1.5,57.5
1127,2026-08-15 14:53:44,2026-08-15 14:53:45,2,2026-08-15 14:53:44,174.0,1.4370800632941179e-08,A1.4,57.5
1128,2026-07-27 19:45:28,2026-07-27 19:45:28,1,2026-07-27 19:45:28,174.0,1.3959464479411764e-08,A1.4,65.0
1129,2026-07-23 03:28:44,2026-07-23 03:28:45,2,2026-07-23 03:28:44,174.0,1.4357134980000001e-08,A1.4,79.0
1130,2026-07-15 08:44:39,2026-07-15 08:44:42,4,2026-07-15 08:44:41,174.0,1.4585351384117648e-08,A1.5,67.0
1131,2026-07-15 08:44:44,2026-07-15 08:44:45,2,2026-07-15 08:44:45,173.0,1.5156269377941174e-08,A1.5,67.0
1132,2026-07-15 08:48:37,2026-07-15 08:48:40,4,2026-07-15 08:48:39,173.0,1.4262535675588233e-08,A1.4,67.0
1133,2026-08-18 21:01:51,2026-08-18 21:01:51,1,2026-08-18 21:01:51,172.0,1.3827661612941174e-08,A1.4,80.0
1134,2026-07-27 19:45:59,2026-07-27 19:46:00,2,2026-07-27 19:46:00,172.0,1.3834494439411767e-08,A1.4,65.0
1135,2026-07-12 13:58:42,2026-07-12 13:58:51,10,2026-07-12 13:58:43,172.0,1.4695430574705884e-08,A1.5,62.0
1136,2026-07-22 12:19:32,2026-07-22 12:19:41,10,2026-07-22 12:19:37,172.0,1.4182968589411764e-08,A1.4,53.0
1137,2026-07-23 03:28:50,2026-07-23 03:28:52,3,2026-07-23 03:28:50,172.0,1.3752500521764704e-08,A1.4,79.0
1138,2026-07-23 03:28:42,2026-07-23 03:28:42,1,2026-07-23 03:28:42,172.0,1.3809896264117647e-08,A1.4,79.0
1139,2026-07-27 19:50:41,2026-07-27 19:50:41,1,2026-07-27 19:50:41,172.0,1.3528383813529413e-08,A1.4,65.0
1140,2026-07-28 03:21:58,2026-07-28 03:21:58,1,2026-07-28 03:21:58,172.0,1.3305633670588236e-08,A1.3,63.0
1141,2026-07-12 13:57:45,2026-07-12 13:57:46,2,2026-07-12 13:57:45,172.0,1.4696797140000002e-08,A1.5,61.0
1142,2026-08-18 21:01:58,2026-08-18 21:01:58,1,2026-08-18 21:01:58,172.0,1.422533211352941e-08,A1.4,80.0
1143,2026-07-27 19:46:02,2026-07-27 19:46:02,1,2026-07-27 19:46:02,171.0,1.4110234329705884e-08,A1.4,65.0
1144,2026-07-15 08:44:22,2026-07-15 08:44:22,1,2026-07-15 08:44:22,171.0,1.4208627030882353e-08,A1.4,67.0
1145,2026-07-16 21:38:06,2026-07-16 21:38:06,1,2026-07-16 21:38:06,171.0,1.3493913382058822e-08,A1.3,59.0
1146,2026-07-28 03:15:48,2026-07-28 03:15:53,6,2026-07-28 03:15:51,171.0,1.453113644029412e-08,A1.5,59.0
1147,2026-07-15 08:50:00,2026-07-15 08:50:00,1,2026-07-15 08:50:00,170.0,1.3843447798235294e-08,A1.4,67.0
1148,2026-07-15 08:48:57,2026-07-15 08:48:57,1,2026-07-15 08:48:57,170.0,1.3746421662352944e-08,A1.4,67.0
1149,2026-07-28 03:21:17,2026-07-28 03:21:18,2,2026-07-28 03:21:17,170.0,1.298114509764706e-08,A1.3,62.0
1150,2026-07-15 08:44:27,2026-07-15 08:44:28,2,2026-07-15 08:44:27,170.0,1.4191921948235294e-08,A1.4,67.0
1151,2026-07-27 19:45:45,2026-07-27 19:45:45,1,2026-07-27 19:45:45,170.0,1.3798351143529414e-08,A1.4,65.0
1152,2026-07-16 21:30:52,2026-07-16 21:30:57,6,2026-07-16 21:30:52,170.0,1.4150924989411765e-08,A1.4,58.5
1153,2026-07-27 19:50:16,2026-07-27 19:50:16,1,2026-07-27 19:50:16,170.0,1.325309159117647e-08,A1.3,65.0
1154,2026-07-27 19:45:18,2026-07-27 19:45:18,1,2026-07-27 19:45:18,170.0,1.3899476975294116e-08,A1.4,65.0
1155,2026-08-18 21:02:39,2026-08-18 21:02:39,1,2026-08-18 21:02:39,170.0,1.4179622860588233e-08,A1.4,79.0
1156,2026-07-27 19:45:21,2026-07-27 19:45:21,1,2026-07-27 19:45:21,169.0,1.3420872823235294e-08,A1.3,65.0
1157,2026-07-27 19:45:47,2026-07-27 19:45:49,3,2026-07-27 19:45:49,169.0,1.3957932983823527e-08,A1.4,65.0
1158,2026-08-18 21:02:08,2026-08-18 21:02:08,1,2026-08-18 21:02:08,169.0,1.3936067939117647e-08,A1.4,79.5
1159,2026-07-12 13:57:35,2026-07-12 13:57:41,7,2026-07-12 13:57:40,169.0,1.4123287384411766e-08,A1.4,61.0
1160,2026-07-27 17:24:19,2026-07-27 17:24:19,1,2026-07-27 17:24:19,168.0,1.3160919118235293e-08,A1.3,55.0
1161,2026-07-27 17:25:31,2026-07-27 17:25:34,4,2026-07-27 17:25:31,168.0,1.3717111192941177e-08,A1.4,55.0
1162,2026-08-18 21:02:31,2026-08-18 21:02:31,1,2026-08-18 21:02:31,168.0,1.3505293572352942e-08,A1.4,79.0
1163,2026-07-28 03:21:33,2026-07-28 03:21:33,1,2026-07-28 03:21:33,168.0,1.3201916077058823e-08,A1.3,62.0
1164,2026-07-12 13:56:39,2026-07-12 13:56:39,1,2026-07-12 13:56:39,168.0,1.3439698438235294e-08,A1.3,61.0
1165,2026-07-28 03:16:02,2026-07-28 03:16:05,4,2026-07-28 03:16:05,168.0,1.357498840235294e-08,A1.4,59.0
1166,2026-07-28 03:15:55,2026-07-28 03:15:56,2,2026-07-28 03:15:56,168.0,1.2969599977058824e-08,A1.3,59.0
1167,2026-07-15 08:44:10,2026-07-15 08:44:10,1,2026-07-15 08:44:10,168.0,1.3892031550588235e-08,A1.4,67.0
1168,2026-07-15 08:50:13,2026-07-15 08:50:13,1,2026-07-15 08:50:13,168.0,1.3728043715294117e-08,A1.4,67.0
1169,2026-08-15 14:50:06,2026-08-15 14:50:06,1,2026-08-15 14:50:06,168.0,1.4613578025882353e-08,A1.5,57.5
1170,2026-07-15 08:43:31,2026-07-15 08:43:31,1,2026-07-15 08:43:31,168.0,1.4016388992352943e-08,A1.4,67.0
1171,2026-08-20 10:19:32,2026-08-20 10:19:32,1,2026-08-20 10:19:32,168.0,1.2940902105882354e-08,A1.3,72.0
1172,2026-07-12 13:58:05,2026-07-12 13:58:05,1,2026-07-12 13:58:05,168.0,1.4608111764705883e-08,A1.5,62.0
1173,2026-08-15 14:53:14,2026-08-15 14:53:14,1,2026-08-15 14:53:14,167.0,1.4298961709117647e-08,A1.4,57.5
1174,2026-07-15 08:44:04,2026-07-15 08:44:04,1,2026-07-15 08:44:04,167.0,1.4431518542647057e-08,A1.4,67.0
1175,2026-08-15 14:53:33,2026-08-15 14:53:33,1,2026-08-15 14:53:33,167.0,1.3852094857941179e-08,A1.4,57.5
1176,2026-08-15 14:50:02,2026-08-15 14:50:03,2,2026-08-15 14:50:03,167.0,1.3535051709705881e-08,A1.4,57.5
1177,2026-07-27 17:25:15,2026-07-27 17:25:15,1,2026-07-27 17:25:15,167.0,1.3280870565000001e-08,A1.3,55.0
1178,2026-07-22 18:54:18,2026-07-22 18:54:20,3,2026-07-22 18:54:18,167.0,1.332050095852941e-08,A1.3,52.0
1179,2026-07-15 08:43:52,2026-07-15 08:43:56,5,2026-07-15 08:43:55,167.0,1.3458524053235295e-08,A1.3,67.0
1180,2026-07-12 13:59:00,2026-07-12 13:59:01,2,2026-07-12 13:59:01,167.0,1.4061179347941178e-08,A1.4,62.0
1181,2026-07-27 19:45:40,2026-07-27 19:45:41,2,2026-07-27 19:45:41,166.0,1.2897925983529408e-08,A1.3,65.0
1182,2026-07-27 19:45:35,2026-07-27 19:45:35,1,2026-07-27 19:45:35,166.0,1.3385789793529412e-08,A1.3,65.0
1183,2026-07-16 21:30:21,2026-07-16 21:30:23,3,2026-07-16 21:30:21,166.0,1.3790293120588235e-08,A1.4,58.5
1184,2026-07-12 13:59:40,2026-07-12 13:59:40,1,2026-07-12 13:59:40,166.0,1.3812158165294118e-08,A1.4,62.0
1185,2026-07-15 08:49:23,2026-07-15 08:49:24,2,2026-07-15 08:49:23,166.0,1.389825177882353e-08,A1.4,67.0
1186,2026-07-15 08:49:35,2026-07-15 08:49:37,3,2026-07-15 08:49:36,166.0,1.3329760616470584e-08,A1.3,67.0
1187,2026-07-16 21:31:20,2026-07-16 21:31:22,3,2026-07-16 21:31:22,165.0,1.2763696285588237e-08,A1.3,58.5
1188,2026-07-16 21:32:27,2026-07-16 21:32:28,2,2026-07-16 21:32:27,165.0,1.320099717970588e-08,A1.3,59.0
1189,2026-07-16 21:32:23,2026-07-16 21:32:23,1,2026-07-16 21:32:23,165.0,1.3608233637352939e-08,A1.4,59.0
1190,2026-07-28 03:16:13,2026-07-28 03:16:14,2,2026-07-28 03:16:14,165.0,1.3185964961470589e-08,A1.3,59.0
1191,2026-07-12 13:57:55,2026-07-12 13:57:59,5,2026-07-12 13:57:59,165.0,1.4015470095e-08,A1.4,61.5
1192,2026-08-15 14:53:40,2026-08-15 14:53:40,1,2026-08-15 14:53:40,165.0,1.4190390452647057e-08,A1.4,57.5
1193,2026-07-16 21:30:08,2026-07-16 21:30:13,6,2026-07-16 21:30:12,165.0,1.3578169200882352e-08,A1.4,58.0
1194,2026-07-15 08:49:55,2026-07-15 08:49:55,1,2026-07-15 08:49:55,165.0,1.2923584424999999e-08,A1.3,67.0
1195,2026-07-27 17:25:19,2026-07-27 17:25:23,5,2026-07-27 17:25:19,164.0,1.2943776605294118e-08,A1.3,55.0
1196,2026-07-23 03:28:57,2026-07-23 03:28:57,1,2026-07-23 03:28:57,164.0,1.2905512777058824e-08,A1.3,79.0
1197,2026-07-27 17:25:29,2026-07-27 17:25:29,1,2026-07-27 17:25:29,164.0,1.3364678715882354e-08,A1.3,55.0
1198,2026-07-15 08:50:19,2026-07-15 08:50:19,1,2026-07-15 08:50:19,164.0,1.2950609431764707e-08,A1.3,67.0
1199,2026-08-15 14:53:49,2026-08-15 14:53:49,1,2026-08-15 14:53:49,164.0,1.386074191764706e-08,A1.4,57.5
1200,2026-08-15 14:49:51,2026-08-15 14:49:51,1,2026-08-15 14:49:51,164.0,1.3318215495882351e-08,A1.3,57.5
1201,2026-07-27 17:24:38,2026-07-27 17:24:39,2,2026-07-27 17:24:38,163.0,1.3248214366764708e-08,A1.3,55.0
1202,2026-07-12 13:58:57,2026-07-12 13:58:57,1,2026-07-12 13:58:57,163.0,1.295576939382353e-08,A1.3,62.0
1203,2026-07-16 21:38:15,2026-07-16 21:38:15,1,2026-07-16 21:38:15,163.0,1.2301184617941178e-08,A1.2,59.0
1204,2026-08-19 02:57:52,2026-08-19 02:57:56,5,2026-08-19 02:57:56,163.0,1.2651025333235293e-08,A1.3,67.0
1205,2026-07-12 13:59:30,2026-07-12 13:59:31,2,2026-07-12 13:59:31,163.0,1.3682782130294118e-08,A1.4,62.0
1206,2026-07-15 08:43:12,2026-07-15 08:43:12,1,2026-07-15 08:43:12,162.0,1.4107477637647061e-08,A1.4,67.0
1207,2026-07-15 08:44:18,2026-07-15 08:44:18,1,2026-07-15 08:44:18,162.0,1.3420095294705883e-08,A1.3,67.0
1208,2026-07-16 21:30:16,2026-07-16 21:30:17,2,2026-07-16 21:30:16,162.0,1.3554018693529412e-08,A1.4,58.0
1209,2026-07-12 13:57:48,2026-07-12 13:57:51,4,2026-07-12 13:57:51,162.0,1.3247908067647058e-08,A1.3,61.0
1210,2026-07-16 21:32:31,2026-07-16 21:32:32,2,2026-07-16 21:32:32,162.0,1.3012858837058823e-08,A1.3,59.0
1211,2026-07-22 12:18:00,2026-07-22 12:18:01,2,2026-07-22 12:18:01,162.0,1.379316762e-08,A1.4,53.0
1212,2026-07-22 12:19:43,2026-07-22 12:19:47,5,2026-07-22 12:19:47,162.0,1.3332635115882351e-08,A1.3,53.0
1213,2026-08-15 14:47:40,2026-08-15 14:47:40,1,2026-08-15 14:47:40,162.0,1.3447426600588235e-08,A1.3,57.5
1214,2026-08-19 02:55:16,2026-08-19 02:55:19,4,2026-08-19 02:55:16,162.0,1.3262940285882352e-08,A1.3,64.0
1215,2026-07-27 17:24:35,2026-07-27 17:24:36,2,2026-07-27 17:24:35,162.0,1.2947263702941176e-08,A1.3,55.0
1216,2026-08-19 02:55:13,2026-08-19 02:55:14,2,2026-08-19 02:55:14,162.0,1.348569042882353e-08,A1.3,64.0
1217,2026-07-23 03:29:07,2026-07-23 03:29:07,1,2026-07-23 03:29:07,162.0,1.2751844865882352e-08,A1.3,79.0
1218,2026-07-28 03:21:31,2026-07-28 03:21:31,1,2026-07-28 03:21:31,162.0,1.2448467370588235e-08,A1.2,62.0
1219,2026-07-28 03:16:09,2026-07-28 03:16:11,3,2026-07-28 03:16:11,161.0,1.3556445525e-08,A1.4,59.0
1220,2026-07-15 08:44:15,2026-07-15 08:44:15,1,2026-07-15 08:44:15,161.0,1.3873488673235296e-08,A1.4,67.0
1221,2026-08-20 10:19:57,2026-08-20 10:19:58,2,2026-08-20 10:19:57,161.0,1.2416730069705881e-08,A1.2,72.0
1222,2026-07-15 08:49:43,2026-07-15 08:49:44,2,2026-07-15 08:49:44,161.0,1.2925092359117647e-08,A1.3,67.0
1223,2026-07-12 13:57:26,2026-07-12 13:57:27,2,2026-07-12 13:57:26,161.0,1.3207971375000002e-08,A1.3,61.0
1224,2026-08-15 14:54:41,2026-08-15 14:54:41,1,2026-08-15 14:54:41,161.0,1.394728319911765e-08,A1.4,57.5
1225,2026-07-15 08:50:31,2026-07-15 08:50:31,1,2026-07-15 08:50:31,161.0,1.3162874720294119e-08,A1.3,67.0
1226,2026-08-15 14:50:22,2026-08-15 14:50:22,1,2026-08-15 14:50:22,161.0,1.309727958617647e-08,A1.3,57.5
1227,2026-08-15 14:54:00,2026-08-15 14:54:00,1,2026-08-15 14:54:00,160.0,1.3520608528235296e-08,A1.4,57.5
1228,2026-07-27 17:26:20,2026-07-27 17:26:21,2,2026-07-27 17:26:20,160.0,1.2621408564705883e-08,A1.3,55.0
1229,2026-08-20 23:45:36,2026-08-20 23:45:47,12,2026-08-20 23:45:46,160.0,1.2632341087058824e-08,A1.3,59.0
1230,2026-07-12 13:56:57,2026-07-12 13:56:57,1,2026-07-12 13:56:57,160.0,1.3800754413529413e-08,A1.4,61.0
1231,2026-08-15 14:50:09,2026-08-15 14:50:09,1,2026-08-15 14:50:09,160.0,1.3374386041764707e-08,A1.3,57.5
1232,2026-07-16 21:37:52,2026-07-16 21:37:56,5,2026-07-16 21:37:55,160.0,1.2768997616470585e-08,A1.3,59.0
1233,2026-07-15 08:43:40,2026-07-15 08:43:41,2,2026-07-15 08:43:41,160.0,1.3394884521176472e-08,A1.3,67.0
1234,2026-07-27 17:24:48,2026-07-27 17:24:49,2,2026-07-27 17:24:49,160.0,1.3337488778823529e-08,A1.3,55.0
1235,2026-07-27 17:24:57,2026-07-27 17:24:57,1,2026-07-27 17:24:57,160.0,1.285099153411765e-08,A1.3,55.0
1236,2026-08-15 14:50:28,2026-08-15 14:50:28,1,2026-08-15 14:50:28,160.0,1.3400350782352939e-08,A1.3,57.5
1237,2026-07-28 03:21:35,2026-07-28 03:21:36,2,2026-07-28 03:21:36,160.0,1.208161527352941e-08,A1.2,62.0
1238,2026-08-15 14:54:36,2026-08-15 14:54:36,1,2026-08-15 14:54:36,160.0,1.2975348975882352e-08,A1.3,57.5
1239,2026-07-16 21:29:48,2026-07-16 21:29:49,2,2026-07-16 21:29:49,160.0,1.312840428882353e-08,A1.3,58.0
1240,2026-07-15 08:44:02,2026-07-15 08:44:02,1,2026-07-15 08:44:02,160.0,1.3557505791176474e-08,A1.4,67.0
1241,2026-07-15 08:43:27,2026-07-15 08:43:27,1,2026-07-15 08:43:27,160.0,1.3521975093529413e-08,A1.4,67.0
1242,2026-07-15 08:49:17,2026-07-15 08:49:17,1,2026-07-15 08:49:17,159.0,1.291354723852941e-08,A1.3,67.0
1243,2026-07-16 21:31:37,2026-07-16 21:31:38,2,2026-07-16 21:31:37,159.0,1.3087101030882354e-08,A1.3,58.5
1244,2026-07-16 21:31:35,2026-07-16 21:31:35,1,2026-07-16 21:31:35,159.0,1.2644333875588235e-08,A1.3,58.5
1245,2026-07-12 13:59:03,2026-07-12 13:59:06,4,2026-07-12 13:59:04,159.0,1.296137702382353e-08,A1.3,62.0
1246,2026-08-15 14:54:04,2026-08-15 14:54:04,1,2026-08-15 14:54:04,159.0,1.3126731424411765e-08,A1.3,57.5
1247,2026-08-15 14:53:57,2026-08-15 14:53:57,1,2026-08-15 14:53:57,159.0,1.381958002852941e-08,A1.4,57.5
1248,2026-07-27 17:26:32,2026-07-27 17:26:33,2,2026-07-27 17:26:33,159.0,1.2720861532058821e-08,A1.3,55.0
1249,2026-07-15 08:49:33,2026-07-15 08:49:33,1,2026-07-15 08:49:33,159.0,1.2976409242058823e-08,A1.3,67.0
1250,2026-07-12 13:57:33,2026-07-12 13:57:33,1,2026-07-12 13:57:33,159.0,1.3874242640294115e-08,A1.4,61.0
1251,2026-07-12 13:58:19,2026-07-12 13:58:19,1,2026-07-12 13:58:19,158.0,1.300890051e-08,A1.3,62.0
1252,2026-08-20 10:20:01,2026-08-20 10:20:01,1,2026-08-20 10:20:01,158.0,1.2477306610588236e-08,A1.2,72.0
1253,2026-07-15 08:49:20,2026-07-15 08:49:20,1,2026-07-15 08:49:20,158.0,1.281074854235294e-08,A1.3,67.0
1254,2026-07-22 00:11:20,2026-07-22 00:11:20,1,2026-07-22 00:11:20,158.0,1.2273688381764707e-08,A1.2,50.0
1255,2026-08-20 10:20:17,2026-08-20 10:20:17,1,2026-08-20 10:20:17,158.0,1.1992175931176471e-08,A1.2,72.0
1256,2026-07-15 08:43:47,2026-07-15 08:43:48,2,2026-07-15 08:43:48,158.0,1.328767983e-08,A1.3,67.0
1257,2026-07-12 13:56:55,2026-07-12 13:56:55,1,2026-07-12 13:56:55,158.0,1.3049897468823531e-08,A1.3,61.0
1258,2026-07-28 03:15:41,2026-07-28 03:15:41,1,2026-07-28 03:15:41,158.0,1.2948771637058824e-08,A1.3,59.0
1259,2026-08-15 14:53:30,2026-08-15 14:53:31,2,2026-08-15 14:53:31,158.0,1.3123691994705882e-08,A1.3,57.5
1260,2026-07-15 08:50:15,2026-07-15 08:50:15,1,2026-07-15 08:50:15,158.0,1.2665892621176473e-08,A1.3,67.0
1261,2026-08-01 22:40:45,2026-08-01 22:40:45,1,2026-08-01 22:40:45,158.0,1.2492338828823528e-08,A1.2,65.0
1262,2026-07-27 17:23:31,2026-07-27 17:23:31,1,2026-07-27 17:23:31,158.0,1.307859534e-08,A1.3,55.0
1263,2026-08-15 14:54:15,2026-08-15 14:54:15,1,2026-08-15 14:54:15,157.0,1.2958031294999999e-08,A1.3,57.5
1264,2026-07-16 21:30:38,2026-07-16 21:30:50,13,2026-07-16 21:30:47,157.0,1.3081022171470587e-08,A1.3,58.5
1265,2026-07-12 13:59:42,2026-07-12 13:59:43,2,2026-07-12 13:59:42,157.0,1.3482792367941175e-08,A1.3,62.0
1266,2026-08-20 10:19:39,2026-08-20 10:19:39,1,2026-08-20 10:19:39,157.0,1.2584958969705882e-08,A1.3,72.0
1267,2026-07-12 13:57:09,2026-07-12 13:57:11,3,2026-07-12 13:57:09,157.0,1.2763979023235293e-08,A1.3,61.0
1268,2026-07-12 13:56:49,2026-07-12 13:56:49,1,2026-07-12 13:56:49,157.0,1.3355701795588235e-08,A1.3,61.0
1269,2026-07-15 08:51:19,2026-07-15 08:51:19,1,2026-07-15 08:51:19,157.0,1.266831945264706e-08,A1.3,67.0
1270,2026-07-15 08:49:58,2026-07-15 08:49:58,1,2026-07-15 08:49:58,156.0,1.2539556015882353e-08,A1.3,67.0
1271,2026-08-20 23:45:59,2026-08-20 23:46:01,3,2026-08-20 23:46:00,156.0,1.157612748352941e-08,A1.2,60.0
1272,2026-07-15 08:49:52,2026-07-15 08:49:52,1,2026-07-15 08:49:52,156.0,1.2467128055294118e-08,A1.2,67.0
1273,2026-07-12 13:56:26,2026-07-12 13:56:26,1,2026-07-12 13:56:26,156.0,1.3345829539411766e-08,A1.3,60.0
1274,2026-08-15 14:52:37,2026-08-15 14:52:37,1,2026-08-15 14:52:37,156.0,1.2864798555882354e-08,A1.3,57.5
1275,2026-07-15 08:50:02,2026-07-15 08:50:02,1,2026-07-15 08:50:02,156.0,1.2793737160588236e-08,A1.3,67.0
1276,2026-08-14 21:58:44,2026-08-14 21:58:53,10,2026-08-14 21:58:49,156.0,1.291809460235294e-08,A1.3,55.0
1277,2026-07-12 13:57:17,2026-07-12 13:57:18,2,2026-07-12 13:57:18,156.0,1.3120346265882352e-08,A1.3,61.0
1278,2026-07-12 13:57:13,2026-07-12 13:57:13,1,2026-07-12 13:57:13,156.0,1.2995988824117648e-08,A1.3,61.0
1279,2026-07-15 08:43:09,2026-07-15 08:43:10,2,2026-07-15 08:43:09,156.0,1.352758272352941e-08,A1.4,67.0
1280,2026-07-09 02:25:09,2026-07-09 02:25:09,1,2026-07-09 02:25:09,156.0,1.3502984548235292e-08,A1.4,77.5
1281,2026-08-20 10:20:39,2026-08-20 10:20:39,1,2026-08-20 10:20:39,156.0,1.1626690399411766e-08,A1.2,72.0
1282,2026-07-12 13:57:53,2026-07-12 13:57:53,1,2026-07-12 13:57:53,155.0,1.2845360342647061e-08,A1.3,61.0
1283,2026-07-27 17:23:46,2026-07-27 17:23:46,1,2026-07-27 17:23:46,155.0,1.3115940270882351e-08,A1.3,55.0
1284,2026-07-16 21:32:07,2026-07-16 21:32:09,3,2026-07-16 21:32:09,155.0,1.239849349147059e-08,A1.2,59.0
1285,2026-07-16 21:38:11,2026-07-16 21:38:11,1,2026-07-16 21:38:11,155.0,1.2223573133823531e-08,A1.2,59.0
1286,2026-07-12 13:59:38,2026-07-12 13:59:38,1,2026-07-12 13:59:38,155.0,1.2726469162058823e-08,A1.3,62.0
1287,2026-07-15 08:43:06,2026-07-15 08:43:06,1,2026-07-15 08:43:06,155.0,1.301754756970588e-08,A1.3,67.0
1288,2026-07-12 13:58:38,2026-07-12 13:58:39,2,2026-07-12 13:58:39,155.0,1.2987483133235294e-08,A1.3,62.0
1289,2026-07-27 17:23:56,2026-07-27 17:23:58,3,2026-07-27 17:23:56,155.0,1.2260470396764706e-08,A1.2,55.0
1290,2026-07-12 13:58:27,2026-07-12 13:58:28,2,2026-07-12 13:58:27,155.0,1.286722538735294e-08,A1.3,62.0
1291,2026-07-12 13:58:15,2026-07-12 13:58:15,1,2026-07-12 13:58:15,155.0,1.2703237552058823e-08,A1.3,62.0
1292,2026-07-12 13:58:31,2026-07-12 13:58:31,1,2026-07-12 13:58:31,155.0,1.3161036925588235e-08,A1.3,62.0
1293,2026-07-16 21:30:31,2026-07-16 21:30:32,2,2026-07-16 21:30:31,155.0,1.254198284735294e-08,A1.3,58.5
1294,2026-07-27 17:26:04,2026-07-27 17:26:04,1,2026-07-27 17:26:04,155.0,1.2345197445000001e-08,A1.2,55.0
1295,2026-07-16 21:32:01,2026-07-16 21:32:01,1,2026-07-16 21:32:01,155.0,1.2521484367941175e-08,A1.3,59.0
1296,2026-07-22 12:19:53,2026-07-22 12:19:57,5,2026-07-22 12:19:53,155.0,1.2371162185588235e-08,A1.2,53.0
1297,2026-07-12 14:00:33,2026-07-12 14:00:33,1,2026-07-12 14:00:33,155.0,1.2533783455588235e-08,A1.3,62.0
1298,2026-07-12 13:57:29,2026-07-12 13:57:29,1,2026-07-12 13:57:29,155.0,1.2563847892058823e-08,A1.3,61.0
1299,2026-07-16 21:31:54,2026-07-16 21:31:54,1,2026-07-16 21:31:54,155.0,1.2263203527352941e-08,A1.2,59.0
1300,2026-07-12 13:56:44,2026-07-12 13:56:44,1,2026-07-12 13:56:44,154.0,1.2373589017058825e-08,A1.2,61.0
1301,2026-07-12 13:59:09,2026-07-12 13:59:10,2,2026-07-12 13:59:09,154.0,1.3114267406470587e-08,A1.3,62.0
1302,2026-08-15 14:50:16,2026-08-15 14:50:16,1,2026-08-15 14:50:16,154.0,1.2347624276470588e-08,A1.2,57.5
1303,2026-07-27 17:25:44,2026-07-27 17:25:44,1,2026-07-27 17:25:44,154.0,1.221780057352941e-08,A1.2,55.0
1304,2026-08-20 10:20:25,2026-08-20 10:20:25,1,2026-08-20 10:20:25,154.0,1.1799631593529413e-08,A1.2,72.0
1305,2026-07-15 08:43:35,2026-07-15 08:43:35,1,2026-07-15 08:43:35,154.0,1.2881951306470587e-08,A1.3,67.0
1306,2026-07-12 14:00:01,2026-07-12 14:00:02,2,2026-07-12 14:00:01,154.0,1.256217502764706e-08,A1.3,62.0
1307,2026-07-27 17:24:16,2026-07-27 17:24:17,2,2026-07-27 17:24:17,154.0,1.2357190233529413e-08,A1.2,55.0
1308,2026-07-12 13:58:21,2026-07-12 13:58:21,1,2026-07-12 13:58:21,154.0,1.3123833363529414e-08,A1.3,62.0
1309,2026-08-15 14:47:10,2026-08-15 14:47:10,1,2026-08-15 14:47:10,154.0,1.250887898117647e-08,A1.3,57.5
1310,2026-08-26 21:42:08,2026-08-26 21:42:17,10,2026-08-26 21:42:08,154.0,1.2279296011764704e-08,A1.2,46.0
1311,2026-07-12 13:58:36,2026-07-12 13:58:36,1,2026-07-12 13:58:36,154.0,1.2872385349411766e-08,A1.3,62.0
1312,2026-07-12 13:58:01,2026-07-12 13:58:03,3,2026-07-12 13:58:03,154.0,1.2619570770000002e-08,A1.3,62.0
1313,2026-07-28 03:16:24,2026-07-28 03:16:26,3,2026-07-28 03:16:26,153.0,1.214369974852941e-08,A1.2,59.5
1314,2026-07-28 03:21:38,2026-07-28 03:21:38,1,2026-07-28 03:21:38,153.0,1.1832122861470588e-08,A1.2,62.0
1315,2026-07-16 21:29:59,2026-07-16 21:29:59,1,2026-07-16 21:29:59,153.0,1.2989603665588233e-08,A1.3,58.0
1316,2026-07-16 21:31:32,2026-07-16 21:31:32,1,2026-07-16 21:31:32,153.0,1.2094503397941176e-08,A1.2,58.5
1317,2026-07-15 08:42:46,2026-07-15 08:42:46,1,2026-07-15 08:42:46,153.0,1.3482933736764707e-08,A1.3,67.0
1318,2026-07-12 14:00:58,2026-07-12 14:00:58,1,2026-07-12 14:00:58,153.0,1.2386948370882353e-08,A1.2,62.0
1319,2026-08-15 14:47:43,2026-08-15 14:47:43,1,2026-08-15 14:47:43,153.0,1.317408998029412e-08,A1.3,57.5
1320,2026-07-27 17:26:16,2026-07-27 17:26:17,2,2026-07-27 17:26:16,153.0,1.2508572682058822e-08,A1.3,55.0
1321,2026-07-22 18:54:14,2026-07-22 18:54:14,1,2026-07-22 18:54:14,153.0,1.2173764184999999e-08,A1.2,52.0
1322,2026-07-15 08:42:29,2026-07-15 08:42:29,1,2026-07-15 08:42:29,153.0,1.317818967617647e-08,A1.3,67.0
1323,2026-07-27 17:25:25,2026-07-27 17:25:25,1,2026-07-27 17:25:25,152.0,1.1748456079411764e-08,A1.2,55.0
1324,2026-07-27 17:26:29,2026-07-27 17:26:30,2,2026-07-27 17:26:29,152.0,1.1864614129411763e-08,A1.2,55.0
1325,2026-07-15 08:42:13,2026-07-15 08:42:13,1,2026-07-15 08:42:13,152.0,1.3494926525294115e-08,A1.3,67.0
1326,2026-07-12 14:00:24,2026-07-12 14:00:24,1,2026-07-12 14:00:24,152.0,1.2762447527647057e-08,A1.3,62.0
1327,2026-07-12 14:00:46,2026-07-12 14:00:46,1,2026-07-12 14:00:46,152.0,1.2659955130588234e-08,A1.3,62.0
1328,2026-08-20 23:46:12,2026-08-20 23:46:12,1,2026-08-20 23:46:12,152.0,1.1823617170588238e-08,A1.2,60.0
1329,2026-07-12 13:57:15,2026-07-12 13:57:15,1,2026-07-12 13:57:15,152.0,1.2389375202352942e-08,A1.2,61.0
1330,2026-07-27 17:23:33,2026-07-27 17:23:33,1,2026-07-27 17:23:33,152.0,1.244267124882353e-08,A1.2,55.0
1331,2026-07-27 17:26:38,2026-07-27 17:26:38,1,2026-07-27 17:26:38,152.0,1.2602559388235292e-08,A1.3,55.0
1332,2026-07-28 03:15:38,2026-07-28 03:15:38,1,2026-07-28 03:15:38,152.0,1.1824983735882354e-08,A1.2,59.0
1333,2026-07-15 08:43:44,2026-07-15 08:43:45,2,2026-07-15 08:43:44,152.0,1.3203848117647058e-08,A1.3,67.0
1334,2026-07-16 21:31:29,2026-07-16 21:31:30,2,2026-07-16 21:31:29,152.0,1.2340178851764705e-08,A1.2,58.5
1335,2026-07-15 08:43:23,2026-07-15 08:43:23,1,2026-07-15 08:43:23,152.0,1.2955133234117647e-08,A1.3,67.0
1336,2026-07-12 13:58:13,2026-07-12 13:58:13,1,2026-07-12 13:58:13,151.0,1.2840035450294116e-08,A1.3,62.0
1337,2026-07-16 21:31:43,2026-07-16 21:31:43,1,2026-07-16 21:31:43,151.0,1.234397224852941e-08,A1.2,58.5
1338,2026-07-16 21:30:27,2026-07-16 21:30:28,2,2026-07-16 21:30:27,151.0,1.2546223912058823e-08,A1.3,58.5
1339,2026-08-15 14:55:50,2026-08-15 14:55:50,1,2026-08-15 14:55:50,151.0,1.2490194734999999e-08,A1.2,57.5
1340,2026-07-26 07:30:23,2026-07-26 07:30:24,2,2026-07-26 07:30:24,151.0,1.3105149117352942e-08,A1.3,44.0
1341,2026-07-16 21:30:05,2026-07-16 21:30:06,2,2026-07-16 21:30:06,151.0,1.2964392892058824e-08,A1.3,58.0
1342,2026-07-15 08:43:58,2026-07-15 08:43:58,1,2026-07-15 08:43:58,151.0,1.2589954001470587e-08,A1.3,67.0
1343,2026-08-20 04:09:59,2026-08-20 04:10:04,6,2026-08-20 04:10:04,150.0,1.1943262318235295e-08,A1.2,44.0
1344,2026-07-16 21:30:25,2026-07-16 21:30:25,1,2026-07-16 21:30:25,150.0,1.256641609235294e-08,A1.3,58.5
1345,2026-07-16 21:31:17,2026-07-16 21:31:18,2,2026-07-16 21:31:17,150.0,1.2160546199999998e-08,A1.2,58.5
1346,2026-07-16 21:31:14,2026-07-16 21:31:15,2,2026-07-16 21:31:14,150.0,1.2373730385882354e-08,A1.2,58.5
1347,2026-07-16 21:32:18,2026-07-16 21:32:18,1,2026-07-16 21:32:18,150.0,1.2217941942352938e-08,A1.2,59.0
1348,2026-08-20 23:46:27,2026-08-20 23:46:27,1,2026-08-20 23:46:27,150.0,1.192276383882353e-08,A1.2,60.0
1349,2026-07-12 13:57:20,2026-07-12 13:57:21,2,2026-07-12 13:57:21,150.0,1.2801465322941174e-08,A1.3,61.0
1350,2026-07-15 08:42:22,2026-07-15 08:42:22,1,2026-07-15 08:42:22,150.0,1.3342625179411766e-08,A1.3,67.0
1351,2026-07-16 21:31:24,2026-07-16 21:31:26,3,2026-07-16 21:31:25,150.0,1.2402428257058824e-08,A1.2,58.5
1352,2026-07-15 08:43:17,2026-07-15 08:43:17,1,2026-07-15 08:43:17,150.0,1.2601946789999999e-08,A1.3,67.0
1353,2026-08-15 14:47:33,2026-08-15 14:47:33,1,2026-08-15 14:47:33,150.0,1.2626544965294115e-08,A1.3,57.5
1354,2026-07-27 17:26:57,2026-07-27 17:26:57,1,2026-07-27 17:26:57,150.0,1.1421234375882354e-08,A1.1,55.0
1355,2026-07-27 17:26:35,2026-07-27 17:26:35,1,2026-07-27 17:26:35,150.0,1.199245866882353e-08,A1.2,55.0
1356,2026-07-28 03:15:46,2026-07-28 03:15:46,1,2026-07-28 03:15:46,150.0,1.2637477487647058e-08,A1.3,59.0
1357,2026-07-15 08:43:03,2026-07-15 08:43:03,1,2026-07-15 08:43:03,149.0,1.3130501259705878e-08,A1.3,67.0
1358,2026-07-27 17:25:02,2026-07-27 17:25:02,1,2026-07-27 17:25:02,149.0,1.2179371815000001e-08,A1.2,55.0
1359,2026-07-27 17:25:07,2026-07-27 17:25:08,2,2026-07-27 17:25:08,149.0,1.1409995554411765e-08,A1.1,55.0
1360,2026-08-14 21:58:33,2026-08-14 21:58:37,5,2026-08-14 21:58:35,149.0,1.2337893389117647e-08,A1.2,55.0
1361,2026-07-27 17:25:17,2026-07-27 17:25:17,1,2026-07-27 17:25:17,149.0,1.1899225929705884e-08,A1.2,55.0
1362,2026-08-14 21:58:39,2026-08-14 21:58:42,4,2026-08-14 21:58:41,149.0,1.228459734264706e-08,A1.2,55.0
1363,2026-07-12 13:58:23,2026-07-12 13:58:24,2,2026-07-12 13:58:23,149.0,1.2201236859705882e-08,A1.2,62.0
1364,2026-07-22 18:54:10,2026-07-22 18:54:12,3,2026-07-22 18:54:10,149.0,1.1988052673823527e-08,A1.2,51.0
1365,2026-08-20 23:42:33,2026-08-20 23:42:33,1,2026-08-20 23:42:33,149.0,1.1256940241470588e-08,A1.1,57.0
1366,2026-07-22 00:11:22,2026-07-22 00:11:24,3,2026-07-22 00:11:23,149.0,1.239392256617647e-08,A1.2,50.0
1367,2026-07-16 21:31:47,2026-07-16 21:31:47,1,2026-07-16 21:31:47,149.0,1.2079612548529413e-08,A1.2,58.5
1368,2026-07-16 21:31:57,2026-07-16 21:31:58,2,2026-07-16 21:31:57,149.0,1.1834997360882355e-08,A1.2,59.0
1369,2026-07-16 21:38:02,2026-07-16 21:38:02,1,2026-07-16 21:38:02,149.0,1.1485156645588237e-08,A1.1,59.0
1370,2026-07-27 17:25:46,2026-07-27 17:25:46,1,2026-07-27 17:25:46,148.0,1.1475284389411765e-08,A1.1,55.0
1371,2026-07-22 00:10:52,2026-07-22 00:10:52,1,2026-07-22 00:10:52,148.0,1.1439753691764705e-08,A1.1,50.0
1372,2026-07-15 08:43:21,2026-07-15 08:43:21,1,2026-07-15 08:43:21,148.0,1.2526173100588236e-08,A1.3,67.0
1373,2026-07-27 17:27:44,2026-07-27 17:27:44,1,2026-07-27 17:27:44,148.0,1.1186939112352942e-08,A1.1,55.0
1374,2026-07-27 17:25:58,2026-07-27 17:25:58,1,2026-07-27 17:25:58,148.0,1.1452052779411765e-08,A1.1,55.0
1375,2026-08-01 22:40:24,2026-08-01 22:40:24,1,2026-08-01 22:40:24,148.0,1.2090238771764707e-08,A1.2,65.0
1376,2026-08-01 22:39:49,2026-08-01 22:39:49,1,2026-08-01 22:39:49,148.0,1.1703500793529413e-08,A1.2,65.0
1377,2026-07-27 17:27:00,2026-07-27 17:27:00,1,2026-07-27 17:27:00,148.0,1.1658404138823529e-08,A1.2,55.0
1378,2026-08-14 21:59:06,2026-08-14 21:59:07,2,2026-08-14 21:59:07,148.0,1.2113470381764708e-08,A1.2,55.0
1379,2026-07-27 17:24:10,2026-07-27 17:24:12,3,2026-07-27 17:24:11,148.0,1.2102537859411765e-08,A1.2,55.0
1380,2026-07-27 17:25:36,2026-07-27 17:25:36,1,2026-07-27 17:25:36,148.0,1.1911218718235293e-08,A1.2,55.0
1381,2026-07-16 21:30:03,2026-07-16 21:30:03,1,2026-07-16 21:30:03,147.0,1.2683021810294116e-08,A1.3,58.0
1382,2026-08-26 21:42:19,2026-08-26 21:42:31,13,2026-08-26 21:42:19,147.0,1.2020237642647057e-08,A1.2,46.0
1383,2026-08-01 22:42:14,2026-08-01 22:42:14,1,2026-08-01 22:42:14,147.0,1.132875560382353e-08,A1.1,65.0
1384,2026-07-27 17:24:55,2026-07-27 17:24:55,1,2026-07-27 17:24:55,147.0,1.1751024279705883e-08,A1.2,55.0
1385,2026-07-12 13:58:10,2026-07-12 13:58:10,1,2026-07-12 13:58:10,147.0,1.2986399305588237e-08,A1.3,62.0
1386,2026-08-15 14:47:23,2026-08-15 14:47:23,1,2026-08-15 14:47:23,147.0,1.1837117893235295e-08,A1.2,57.5
1387,2026-07-27 17:27:06,2026-07-27 17:27:06,1,2026-07-27 17:27:06,147.0,1.1271359861470588e-08,A1.1,55.0
1388,2026-07-12 13:56:17,2026-07-12 13:56:18,2,2026-07-12 13:56:17,147.0,1.2195158000294116e-08,A1.2,60.0
1389,2026-07-12 14:00:36,2026-07-12 14:00:37,2,2026-07-12 14:00:36,147.0,1.2430207230882352e-08,A1.2,62.0
1390,2026-07-12 13:57:02,2026-07-12 13:57:03,2,2026-07-12 13:57:02,147.0,1.1950542812647058e-08,A1.2,61.0
1391,2026-07-12 13:59:20,2026-07-12 13:59:20,1,2026-07-12 13:59:20,147.0,1.2411075316764705e-08,A1.2,62.0
1392,2026-07-15 08:41:43,2026-07-15 08:41:43,1,2026-07-15 08:41:43,146.0,1.2364305797647059e-08,A1.2,67.0
1393,2026-07-16 21:31:49,2026-07-16 21:31:49,1,2026-07-16 21:31:49,146.0,1.1668724062941178e-08,A1.2,58.5
1394,2026-08-20 23:45:57,2026-08-20 23:45:57,1,2026-08-20 23:45:57,146.0,1.1317516782352941e-08,A1.1,60.0
1395,2026-07-12 13:56:28,2026-07-12 13:56:28,1,2026-07-12 13:56:28,146.0,1.2981993310588234e-08,A1.3,60.0
1396,2026-08-14 21:59:24,2026-08-14 21:59:24,1,2026-08-14 21:59:24,146.0,1.230417692470588e-08,A1.2,55.0
1397,2026-07-12 13:58:08,2026-07-12 13:58:08,1,2026-07-12 13:58:08,146.0,1.2151121611764703e-08,A1.2,62.0
1398,2026-07-22 18:54:06,2026-07-22 18:54:08,3,2026-07-22 18:54:06,146.0,1.1236889429999999e-08,A1.1,51.0
1399,2026-07-27 17:26:01,2026-07-27 17:26:01,1,2026-07-27 17:26:01,146.0,1.1548466317058825e-08,A1.2,55.0
1400,2026-07-27 17:26:06,2026-07-27 17:26:06,1,2026-07-27 17:26:06,146.0,1.0934878500000001e-08,A1.1,55.0
1401,2026-08-01 22:40:10,2026-08-01 22:40:10,1,2026-08-01 22:40:10,146.0,1.175891737235294e-08,A1.2,65.0
1402,2026-08-01 22:39:54,2026-08-01 22:39:54,1,2026-08-01 22:39:54,146.0,1.121365782e-08,A1.1,65.0
1403,2026-07-27 17:24:08,2026-07-27 17:24:08,1,2026-07-27 17:24:08,146.0,1.1671457193529414e-08,A1.2,55.0
1404,2026-07-12 13:58:34,2026-07-12 13:58:34,1,2026-07-12 13:58:34,145.0,1.2286105276764705e-08,A1.2,62.0
1405,2026-07-27 17:23:37,2026-07-27 17:23:37,1,2026-07-27 17:23:37,145.0,1.1969062128529409e-08,A1.2,55.0
1406,2026-07-27 17:25:10,2026-07-27 17:25:11,2,2026-07-27 17:25:10,145.0,1.180097459735294e-08,A1.2,55.0
1407,2026-07-27 17:26:12,2026-07-27 17:26:12,1,2026-07-27 17:26:12,145.0,1.1363673703235296e-08,A1.1,55.0
1408,2026-07-27 17:23:13,2026-07-27 17:23:13,1,2026-07-27 17:23:13,145.0,1.1589156976764706e-08,A1.2,55.0
1409,2026-08-14 21:53:57,2026-08-14 21:54:04,8,2026-08-14 21:53:59,144.0,1.2333628762941176e-08,A1.2,54.0
1410,2026-07-12 13:59:13,2026-07-12 13:59:14,2,2026-07-12 13:59:14,144.0,1.2199705364117647e-08,A1.2,62.0
1411,2026-07-27 17:23:51,2026-07-27 17:23:51,1,2026-07-27 17:23:51,144.0,1.1840298691764705e-08,A1.2,55.0
1412,2026-07-12 13:59:17,2026-07-12 13:59:17,1,2026-07-12 13:59:17,144.0,1.2117711446470589e-08,A1.2,62.0
1413,2026-07-27 17:26:55,2026-07-27 17:26:55,1,2026-07-27 17:26:55,144.0,1.0927433075294118e-08,A1.1,55.0
1414,2026-07-12 13:59:47,2026-07-12 13:59:47,1,2026-07-12 13:59:47,144.0,1.151095645588235e-08,A1.2,62.0
1415,2026-07-12 13:59:22,2026-07-12 13:59:22,1,2026-07-12 13:59:22,144.0,1.1781536384117646e-08,A1.2,62.0
1416,2026-07-12 13:56:37,2026-07-12 13:56:37,1,2026-07-12 13:56:37,144.0,1.183073273470588e-08,A1.2,61.0
1417,2026-07-12 13:56:42,2026-07-12 13:56:42,1,2026-07-12 13:56:42,144.0,1.2493516902352942e-08,A1.2,61.0
1418,2026-07-22 07:47:08,2026-07-22 07:47:33,26,2026-07-22 07:47:15,144.0,1.1795202037058825e-08,A1.2,47.0
1419,2026-07-16 21:29:57,2026-07-16 21:29:57,1,2026-07-16 21:29:57,143.0,1.134529575617647e-08,A1.1,58.0
1420,2026-07-12 13:59:26,2026-07-12 13:59:26,1,2026-07-12 13:59:26,143.0,1.1509283591470588e-08,A1.2,62.0
1421,2026-07-22 00:11:18,2026-07-22 00:11:18,1,2026-07-22 00:11:18,143.0,1.1430022804411766e-08,A1.1,50.0
1422,2026-07-27 17:23:08,2026-07-27 17:23:08,1,2026-07-27 17:23:08,143.0,1.1790796042058823e-08,A1.2,55.0
1423,2026-07-22 18:54:22,2026-07-22 18:54:25,4,2026-07-22 18:54:23,143.0,1.1424556543235295e-08,A1.1,52.0
1424,2026-07-27 17:22:57,2026-07-27 17:22:57,1,2026-07-27 17:22:57,143.0,1.173613343029412e-08,A1.2,55.0
1425,2026-08-14 21:59:13,2026-08-14 21:59:13,1,2026-08-14 21:59:13,143.0,1.1566679333823532e-08,A1.2,55.0
1426,2026-07-12 14:00:51,2026-07-12 14:00:51,1,2026-07-12 14:00:51,143.0,1.182359360911765e-08,A1.2,62.0
1427,2026-07-09 02:25:11,2026-07-09 02:25:11,1,2026-07-09 02:25:11,143.0,1.243718142617647e-08,A1.2,78.0
1428,2026-07-12 13:56:34,2026-07-12 13:56:34,1,2026-07-12 13:56:34,143.0,1.2340155290294117e-08,A1.2,60.5
1429,2026-07-12 13:57:23,2026-07-12 13:57:23,1,2026-07-12 13:57:23,142.0,1.1780923785882353e-08,A1.2,61.0
1430,2026-07-12 13:56:21,2026-07-12 13:56:21,1,2026-07-12 13:56:21,142.0,1.22646879e-08,A1.2,60.0
1431,2026-07-12 13:56:00,2026-07-12 13:56:00,1,2026-07-12 13:56:00,142.0,1.2050137148823528e-08,A1.2,60.0
1432,2026-07-22 00:11:00,2026-07-22 00:11:01,2,2026-07-22 00:11:00,142.0,1.0915887954705882e-08,A1.1,50.0
1433,2026-07-22 12:17:47,2026-07-22 12:17:49,3,2026-07-22 12:17:47,142.0,1.1694830172352943e-08,A1.2,53.0
1434,2026-08-14 21:59:02,2026-08-14 21:59:02,1,2026-08-14 21:59:02,142.0,1.1372320762941179e-08,A1.1,55.0
1435,2026-07-26 07:30:19,2026-07-26 07:30:21,3,2026-07-26 07:30:20,142.0,1.2283819814117647e-08,A1.2,44.0
1436,2026-07-27 17:23:28,2026-07-27 17:23:28,1,2026-07-27 17:23:28,142.0,1.1243863625294117e-08,A1.1,55.0
1437,2026-07-22 18:54:38,2026-07-22 18:54:38,1,2026-07-22 18:54:38,141.0,1.074476099382353e-08,A1.1,52.0
1438,2026-08-20 23:45:49,2026-08-20 23:45:49,1,2026-08-20 23:45:49,141.0,1.0921047916764705e-08,A1.1,59.0
1439,2026-08-20 23:42:20,2026-08-20 23:42:20,1,2026-08-20 23:42:20,141.0,1.0900549437352942e-08,A1.1,57.0
1440,2026-07-22 12:20:22,2026-07-22 12:20:22,1,2026-07-22 12:20:22,141.0,1.0949745787941176e-08,A1.1,53.0
1441,2026-08-14 21:58:55,2026-08-14 21:58:58,4,2026-08-14 21:58:56,141.0,1.1475873426176469e-08,A1.1,55.0
1442,2026-08-20 23:42:36,2026-08-20 23:42:36,1,2026-08-20 23:42:36,140.0,1.1389473513529413e-08,A1.1,57.0
1443,2026-08-20 23:42:27,2026-08-20 23:42:27,1,2026-08-20 23:42:27,140.0,1.0922108182941177e-08,A1.1,57.0
1444,2026-07-22 12:20:18,2026-07-22 12:20:18,1,2026-07-22 12:20:18,140.0,1.1224119112941176e-08,A1.1,53.0
1445,2026-07-22 00:11:29,2026-07-22 00:11:34,6,2026-07-22 00:11:32,140.0,1.1153057717647059e-08,A1.1,50.0
1446,2026-08-14 21:59:21,2026-08-14 21:59:21,1,2026-08-14 21:59:21,140.0,1.1694217574117646e-08,A1.2,55.0
1447,2026-07-22 12:17:51,2026-07-22 12:17:53,3,2026-07-22 12:17:51,140.0,1.1431837037647061e-08,A1.1,53.0
1448,2026-08-14 21:59:19,2026-08-14 21:59:19,1,2026-08-14 21:59:19,140.0,1.1586258915882353e-08,A1.2,55.0
1449,2026-08-20 23:42:29,2026-08-20 23:42:29,1,2026-08-20 23:42:29,140.0,1.1315678987647059e-08,A1.1,57.0
1450,2026-07-22 18:54:16,2026-07-22 18:54:16,1,2026-07-22 18:54:16,140.0,1.1434570168235293e-08,A1.1,52.0
1451,2026-08-14 21:59:29,2026-08-14 21:59:29,1,2026-08-14 21:59:29,140.0,1.116945650117647e-08,A1.1,55.0
1452,2026-08-14 22:00:13,2026-08-14 22:00:13,1,2026-08-14 22:00:13,139.0,1.1084423153823528e-08,A1.1,55.0
1453,2026-07-22 18:49:58,2026-07-22 18:49:59,2,2026-07-22 18:49:59,139.0,1.1454762348529412e-08,A1.1,48.0
1454,2026-07-22 12:17:56,2026-07-22 12:17:57,2,2026-07-22 12:17:56,139.0,1.1532656570294117e-08,A1.2,53.0
1455,2026-07-22 00:12:11,2026-07-22 00:12:11,1,2026-07-22 00:12:11,139.0,1.0987397017941175e-08,A1.1,49.0
1456,2026-07-16 21:29:46,2026-07-16 21:29:46,1,2026-07-16 21:29:46,139.0,1.1741741060294117e-08,A1.2,58.0
1457,2026-07-16 21:29:38,2026-07-16 21:29:38,1,2026-07-16 21:29:38,139.0,1.1667946534411766e-08,A1.2,58.0
1458,2026-08-18 06:44:14,2026-08-18 06:44:16,3,2026-08-18 06:44:15,139.0,1.1335871167941178e-08,A1.1,42.0
1459,2026-07-22 12:20:04,2026-07-22 12:20:04,1,2026-07-22 12:20:04,139.0,1.0970998234411765e-08,A1.1,53.0
1460,2026-07-22 00:11:08,2026-07-22 00:11:09,2,2026-07-22 00:11:08,138.0,1.1567880968823531e-08,A1.2,50.0
1461,2026-07-22 12:20:30,2026-07-22 12:20:30,1,2026-07-22 12:20:30,138.0,1.0516992257647059e-08,A1.1,53.0
1462,2026-08-14 21:59:52,2026-08-14 21:59:52,1,2026-08-14 21:59:52,138.0,1.1274069430588234e-08,A1.1,55.0
1463,2026-07-27 17:22:55,2026-07-27 17:22:55,1,2026-07-27 17:22:55,138.0,1.1756466979411764e-08,A1.2,55.0
1464,2026-07-22 00:10:54,2026-07-22 00:10:55,2,2026-07-22 00:10:55,138.0,1.0958392847647058e-08,A1.1,50.0
1465,2026-07-22 00:11:54,2026-07-22 00:11:54,1,2026-07-22 00:11:54,138.0,1.1099149072941179e-08,A1.1,50.0
1466,2026-08-14 21:54:06,2026-08-14 21:54:07,2,2026-08-14 21:54:06,137.0,1.1301094437352942e-08,A1.1,54.0
1467,2026-07-26 07:33:00,2026-07-26 07:33:00,1,2026-07-26 07:33:00,137.0,1.1247798390882353e-08,A1.1,47.0
1468,2026-07-22 18:54:42,2026-07-22 18:54:43,2,2026-07-22 18:54:43,137.0,1.0712104795588234e-08,A1.1,52.0
1469,2026-08-20 04:10:09,2026-08-20 04:10:10,2,2026-08-20 04:10:09,137.0,1.0153179590294117e-08,A1.0,44.0
1470,2026-08-14 21:59:54,2026-08-14 21:59:54,1,2026-08-14 21:59:54,137.0,1.0952620287352941e-08,A1.1,55.0
1471,2026-07-22 00:11:13,2026-07-22 00:11:13,1,2026-07-22 00:11:13,136.0,1.0597007011764706e-08,A1.1,50.0
1472,2026-07-22 12:20:07,2026-07-22 12:20:07,1,2026-07-22 12:20:07,136.0,1.0411154131764706e-08,A1.0,53.0
1473,2026-07-22 18:54:32,2026-07-22 18:54:32,1,2026-07-22 18:54:32,136.0,1.0558743183529411e-08,A1.1,52.0
1474,2026-07-22 00:12:14,2026-07-22 00:12:14,1,2026-07-22 00:12:14,136.0,1.0448051394705882e-08,A1.0,49.0
1475,2026-07-22 00:10:46,2026-07-22 00:10:46,1,2026-07-22 00:10:46,136.0,1.053687813882353e-08,A1.1,50.0
1476,2026-08-14 21:59:43,2026-08-14 21:59:43,1,2026-08-14 21:59:43,136.0,1.0933182074117646e-08,A1.1,55.0
1477,2026-07-27 17:23:16,2026-07-27 17:23:16,1,2026-07-27 17:23:16,136.0,1.0874419766470588e-08,A1.1,55.0
1478,2026-07-22 18:54:35,2026-07-22 18:54:35,1,2026-07-22 18:54:35,135.0,1.045731105264706e-08,A1.0,52.0
1479,2026-07-22 00:11:37,2026-07-22 00:11:37,1,2026-07-22 00:11:37,135.0,1.0725157850294117e-08,A1.1,50.0
1480,2026-07-22 18:54:51,2026-07-22 18:54:51,1,2026-07-22 18:54:51,135.0,1.1029901910882352e-08,A1.1,52.0
1481,2026-08-23 19:34:34,2026-08-23 19:34:38,5,2026-08-23 19:34:37,134.0,1.109792387647059e-08,A1.1,40.0
1482,2026-07-22 12:17:35,2026-07-22 12:17:35,1,2026-07-22 12:17:35,134.0,1.0802745772941176e-08,A1.1,53.0
1483,2026-07-22 18:54:47,2026-07-22 18:54:47,1,2026-07-22 18:54:47,134.0,1.0582728760588236e-08,A1.1,52.0
1484,2026-08-09 16:40:34,2026-08-09 16:40:41,8,2026-08-09 16:40:35,134.0,1.085194212352941e-08,A1.1,28.0
1485,2026-08-23 19:36:34,2026-08-23 19:36:39,6,2026-08-23 19:36:39,133.0,1.060565407147059e-08,A1.1,43.0
1486,2026-07-22 12:17:45,2026-07-22 12:17:45,1,2026-07-22 12:17:45,133.0,1.0996491745588237e-08,A1.1,53.0
1487,2026-07-22 12:17:42,2026-07-22 12:17:43,2,2026-07-22 12:17:42,132.0,1.1440319167058824e-08,A1.1,53.0
1488,2026-07-22 15:52:35,2026-07-22 15:52:37,3,2026-07-22 15:52:37,132.0,1.0997552011764707e-08,A1.1,45.0
1489,2026-07-22 00:10:20,2026-07-22 00:10:20,1,2026-07-22 00:10:20,132.0,1.0679142298235293e-08,A1.1,50.0
1490,2026-08-26 21:39:11,2026-08-26 21:39:12,2,2026-08-26 21:39:11,132.0,1.1015317360588234e-08,A1.1,44.0
1491,2026-07-26 07:33:10,2026-07-26 07:33:10,1,2026-07-26 07:33:10,132.0,1.0701007342941176e-08,A1.1,47.0
1492,2026-07-26 07:33:02,2026-07-26 07:33:02,1,2026-07-26 07:33:02,131.0,1.0818225659117646e-08,A1.1,47.0
1493,2026-07-22 15:52:40,2026-07-22 15:52:41,2,2026-07-22 15:52:40,131.0,1.1009544800294118e-08,A1.1,45.0
1494,2026-08-23 19:36:45,2026-08-23 19:36:50,6,2026-08-23 19:36:48,131.0,1.048615029264706e-08,A1.0,43.0
1495,2026-07-22 01:07:22,2026-07-22 01:07:31,10,2026-07-22 01:07:27,131.0,1.0312596500294117e-08,A1.0,48.0
1496,2026-08-26 21:42:33,2026-08-26 21:42:34,2,2026-08-26 21:42:33,131.0,1.0326262153235293e-08,A1.0,46.0
1497,2026-08-20 04:10:06,2026-08-20 04:10:06,1,2026-08-20 04:10:06,130.0,9.892754655882353e-09,A1.0,44.0
1498,2026-07-08 09:54:20,2026-07-08 09:54:20,1,2026-07-08 09:54:20,130.0,1.1145895030588236e-08,A1.1,40.0
1499,2026-08-15 13:38:24,2026-08-15 13:40:10,107,2026-08-15 13:39:12,130.0,1.045167986117647e-08,A1.0,18.0
1500,2026-08-26 21:42:54,2026-08-26 21:42:54,1,2026-08-26 21:42:54,128.0,1.0006933542352941e-08,A1.0,46.0
1501,2026-07-22 15:55:47,2026-07-22 15:55:49,3,2026-07-22 15:55:47,128.0,9.78145026882353e-09,A1.0,49.0
1502,2026-07-22 15:52:33,2026-07-22 15:52:33,1,2026-07-22 15:52:33,128.0,1.101819186e-08,A1.1,45.0
1503,2026-08-14 21:53:53,2026-08-14 21:53:54,2,2026-08-14 21:53:53,127.0,1.0721340892058821e-08,A1.1,54.0
1504,2026-08-23 19:34:40,2026-08-23 19:34:41,2,2026-08-23 19:34:40,127.0,1.0799235113823528e-08,A1.1,40.0
1505,2026-07-22 15:55:57,2026-07-22 15:55:57,1,2026-07-22 15:55:57,127.0,9.667719050294117e-09,A1.0,49.0
1506,2026-07-22 12:17:31,2026-07-22 12:17:31,1,2026-07-22 12:17:31,126.0,1.0999813912941177e-08,A1.1,53.0
1507,2026-08-18 06:44:47,2026-08-18 06:44:47,1,2026-08-18 06:44:47,126.0,1.0345229137058824e-08,A1.0,42.0
1508,2026-08-18 06:44:21,2026-08-18 06:44:39,19,2026-08-18 06:44:23,125.0,1.0086641997352942e-08,A1.0,42.0
1509,2026-08-26 21:43:20,2026-08-26 21:43:21,2,2026-08-26 21:43:20,125.0,9.973217077941178e-09,A1.0,46.0
1510,2026-07-22 12:18:03,2026-07-22 12:18:03,1,2026-07-22 12:18:03,125.0,1.0301192748529412e-08,A1.0,53.0
1511,2026-07-22 15:56:01,2026-07-22 15:56:02,2,2026-07-22 15:56:02,125.0,9.634308884999999e-09,A1.0,49.0
1512,2026-07-22 12:17:28,2026-07-22 12:17:28,1,2026-07-22 12:17:28,124.0,9.64083541235294e-09,A1.0,52.5
1513,2026-07-08 09:55:10,2026-07-08 09:55:10,1,2026-07-08 09:55:10,124.0,1.011230043882353e-08,A1.0,40.0
1514,2026-07-08 09:53:28,2026-07-08 09:53:28,1,2026-07-08 09:53:28,124.0,1.0337783712352942e-08,A1.0,40.0
1515,2026-08-26 21:42:48,2026-08-26 21:42:48,1,2026-08-26 21:42:48,123.0,9.483374104411764e-09,A0.9,46.0
1516,2026-07-26 07:30:17,2026-07-26 07:30:17,1,2026-07-26 07:30:17,123.0,1.0512397770882354e-08,A1.1,44.0
1517,2026-08-26 21:43:00,2026-08-26 21:43:00,1,2026-08-26 21:43:00,123.0,9.52027136735294e-09,A1.0,46.0
1518,2026-08-23 19:34:45,2026-08-23 19:34:46,2,2026-08-23 19:34:46,123.0,1.0433136983823529e-08,A1.0,40.0
1519,2026-07-20 09:16:26,2026-07-20 09:16:26,1,2026-07-20 09:16:26,123.0,8.856120634411766e-09,A0.9,59.0
1520,2026-08-26 21:42:38,2026-08-26 21:42:40,3,2026-08-26 21:42:40,122.0,9.995529790588236e-09,A1.0,46.0
1521,2026-08-26 21:43:33,2026-08-26 21:43:33,1,2026-08-26 21:43:33,121.0,9.65768186382353e-09,A1.0,46.0
1522,2026-08-18 06:44:18,2026-08-18 06:44:19,2,2026-08-18 06:44:19,121.0,1.0260337158529411e-08,A1.0,42.0
1523,2026-07-22 15:55:54,2026-07-22 15:55:55,2,2026-07-22 15:55:55,121.0,9.48959433264706e-09,A0.9,49.0
1524,2026-08-20 04:10:14,2026-08-20 04:10:14,1,2026-08-20 04:10:14,121.0,9.366603456176469e-09,A0.9,44.0
1525,2026-07-20 09:15:32,2026-07-20 09:15:32,1,2026-07-20 09:15:32,121.0,9.115155442058825e-09,A0.9,60.0
1526,2026-08-20 04:10:33,2026-08-20 04:10:34,2,2026-08-20 04:10:34,121.0,8.716118376176472e-09,A0.9,44.0
1527,2026-08-26 21:43:11,2026-08-26 21:43:11,1,2026-08-26 21:43:11,121.0,9.313307409705882e-09,A0.9,46.0
1528,2026-08-23 19:34:27,2026-08-23 19:34:29,3,2026-08-23 19:34:29,120.0,9.985351235294118e-09,A1.0,40.0
1529,2026-08-14 21:53:32,2026-08-14 21:53:32,1,2026-08-14 21:53:32,120.0,9.567182255294118e-09,A1.0,53.0
1530,2026-07-08 09:55:02,2026-07-08 09:55:02,1,2026-07-08 09:55:02,120.0,9.530284992352942e-09,A1.0,40.0
1531,2026-08-23 19:34:43,2026-08-23 19:34:43,1,2026-08-23 19:34:43,120.0,9.947087407058823e-09,A1.0,40.0
1532,2026-08-09 16:40:20,2026-08-09 16:40:20,1,2026-08-09 16:40:20,119.0,1.0281589605000001e-08,A1.0,28.0
1533,2026-08-26 21:43:03,2026-08-26 21:43:03,1,2026-08-26 21:43:03,118.0,9.428546562352941e-09,A0.9,46.0
1534,2026-07-20 09:15:50,2026-07-20 09:15:50,1,2026-07-20 09:15:50,118.0,9.416247474705882e-09,A0.9,59.0
1535,2026-07-22 15:55:45,2026-07-22 15:55:45,1,2026-07-22 15:55:45,118.0,9.075972716470588e-09,A0.9,49.0
1536,2026-08-20 04:10:17,2026-08-20 04:10:17,1,2026-08-20 04:10:17,118.0,9.037708888235294e-09,A0.9,44.0
1537,2026-07-26 07:30:12,2026-07-26 07:30:12,1,2026-07-26 07:30:12,118.0,9.613032877058823e-09,A1.0,44.0
1538,2026-07-23 16:51:46,2026-07-23 16:51:47,2,2026-07-23 16:51:47,118.0,9.532405524705884e-09,A1.0,43.0
1539,2026-08-14 21:53:51,2026-08-14 21:53:51,1,2026-08-14 21:53:51,118.0,9.634897921764704e-09,A1.0,54.0
1540,2026-08-20 04:10:22,2026-08-20 04:10:23,2,2026-08-20 04:10:23,118.0,9.026776365882354e-09,A0.9,44.0
1541,2026-08-14 21:53:48,2026-08-14 21:53:48,1,2026-08-14 21:53:48,117.0,9.843676112647059e-09,A1.0,54.0
1542,2026-07-08 09:53:22,2026-07-08 09:53:23,2,2026-07-08 09:53:23,117.0,9.299783125588234e-09,A0.9,40.0
1543,2026-07-22 15:56:20,2026-07-22 15:56:20,1,2026-07-22 15:56:20,117.0,9.16995942264706e-09,A0.9,49.0
1544,2026-07-22 01:07:44,2026-07-22 01:07:46,3,2026-07-22 01:07:46,116.0,9.39240326647059e-09,A0.9,48.0
1545,2026-08-18 06:45:02,2026-08-18 06:45:03,2,2026-08-18 06:45:02,116.0,8.903172891176472e-09,A0.9,42.0
1546,2026-07-08 09:53:09,2026-07-08 09:53:09,1,2026-07-08 09:53:09,116.0,9.626085931764706e-09,A1.0,39.5
1547,2026-07-08 09:55:53,2026-07-08 09:55:53,1,2026-07-08 09:55:53,115.0,8.893300635e-09,A0.9,40.0
1548,2026-07-22 01:07:38,2026-07-22 01:07:38,1,2026-07-22 01:07:38,115.0,8.91106598382353e-09,A0.9,48.0
1549,2026-07-08 09:54:58,2026-07-08 09:54:58,1,2026-07-08 09:54:58,115.0,9.707773550294117e-09,A1.0,40.0
1550,2026-08-18 06:44:41,2026-08-18 06:44:42,2,2026-08-18 06:44:42,115.0,9.232208827941175e-09,A0.9,42.0
1551,2026-07-22 15:56:45,2026-07-22 15:56:45,1,2026-07-22 15:56:45,115.0,8.536627093235295e-09,A0.9,50.0
1552,2026-07-08 09:54:24,2026-07-08 09:54:24,1,2026-07-08 09:54:24,115.0,9.948289042058824e-09,A1.0,40.0
1553,2026-07-22 01:07:51,2026-07-22 01:07:52,2,2026-07-22 01:07:52,115.0,8.600855662058822e-09,A0.9,48.0
1554,2026-08-09 16:41:12,2026-08-09 16:41:13,2,2026-08-09 16:41:12,115.0,9.561551063823528e-09,A1.0,29.0
1555,2026-08-23 19:37:00,2026-08-23 19:37:00,1,2026-08-23 19:37:00,115.0,9.110584516764706e-09,A0.9,43.0
1556,2026-07-08 09:53:26,2026-07-08 09:53:26,1,2026-07-08 09:53:26,115.0,9.057288470294117e-09,A0.9,40.0
1557,2026-07-20 09:16:03,2026-07-20 09:16:03,1,2026-07-20 09:16:03,114.0,8.689376107058822e-09,A0.9,59.0
1558,2026-07-20 09:16:29,2026-07-20 09:16:29,1,2026-07-20 09:16:29,114.0,8.280773084117646e-09,A0.8,59.0
1559,2026-08-09 16:40:13,2026-08-09 16:40:18,6,2026-08-09 16:40:18,114.0,9.559878199411764e-09,A1.0,28.0
1560,2026-07-08 09:53:12,2026-07-08 09:53:13,2,2026-07-08 09:53:13,114.0,9.480617412352943e-09,A0.9,39.5
1561,2026-08-20 04:10:30,2026-08-20 04:10:30,1,2026-08-20 04:10:30,114.0,8.513089184117648e-09,A0.9,44.0
1562,2026-07-08 09:54:54,2026-07-08 09:54:55,2,2026-07-08 09:54:54,114.0,9.23190252882353e-09,A0.9,40.0
1563,2026-07-22 15:52:31,2026-07-22 15:52:31,1,2026-07-22 15:52:31,114.0,9.882387608823529e-09,A1.0,45.0
1564,2026-08-09 16:41:01,2026-08-09 16:41:05,5,2026-08-09 16:41:05,114.0,9.35899310117647e-09,A0.9,29.0
1565,2026-07-22 15:56:05,2026-07-22 15:56:05,1,2026-07-22 15:56:05,114.0,8.730373065882353e-09,A0.9,49.0
1566,2026-08-09 16:40:22,2026-08-09 16:40:27,6,2026-08-09 16:40:26,114.0,9.92885082882353e-09,A1.0,28.0
1567,2026-08-18 06:44:59,2026-08-18 06:44:59,1,2026-08-18 06:44:59,114.0,8.81373354882353e-09,A0.9,42.0
1568,2026-07-23 16:51:41,2026-07-23 16:51:42,2,2026-07-23 16:51:42,114.0,9.110278217647059e-09,A0.9,43.0
1569,2026-07-08 09:54:43,2026-07-08 09:54:43,1,2026-07-08 09:54:43,114.0,9.394523798823529e-09,A0.9,40.0
1570,2026-08-20 04:10:20,2026-08-20 04:10:20,1,2026-08-20 04:10:20,114.0,8.811000418235295e-09,A0.9,44.0
1571,2026-07-08 09:57:09,2026-07-08 09:57:09,1,2026-07-08 09:57:09,113.0,9.185133009705883e-09,A0.9,40.0
1572,2026-07-08 09:54:32,2026-07-08 09:54:32,1,2026-07-08 09:54:32,113.0,9.127737267352941e-09,A0.9,40.0
1573,2026-08-09 16:40:55,2026-08-09 16:40:58,4,2026-08-09 16:40:57,113.0,9.25072814382353e-09,A0.9,29.0
1574,2026-07-08 09:53:04,2026-07-08 09:53:05,2,2026-07-08 09:53:05,113.0,9.186499575e-09,A0.9,39.5
1575,2026-07-23 16:52:35,2026-07-23 16:52:35,1,2026-07-23 16:52:35,113.0,8.676770720294119e-09,A0.9,43.0
1576,2026-08-09 16:39:44,2026-08-09 16:39:44,1,2026-08-09 16:39:44,112.0,9.698655261176469e-09,A1.0,28.0
1577,2026-08-09 16:40:29,2026-08-09 16:40:32,4,2026-08-09 16:40:32,112.0,8.911513651764707e-09,A0.9,28.0
1578,2026-07-23 16:52:05,2026-07-23 16:52:06,2,2026-07-23 16:52:05,112.0,8.696962900588234e-09,A0.9,43.0
1579,2026-07-23 16:51:54,2026-07-23 16:51:55,2,2026-07-23 16:51:54,112.0,8.571238893529412e-09,A0.9,43.0
1580,2026-08-09 16:40:48,2026-08-09 16:40:50,3,2026-08-09 16:40:49,112.0,9.067302095294118e-09,A0.9,28.5
1581,2026-07-08 09:56:30,2026-07-08 09:56:30,1,2026-07-08 09:56:30,112.0,8.908780521176472e-09,A0.9,40.0
1582,2026-08-23 19:34:25,2026-08-23 19:34:25,1,2026-08-23 19:34:25,112.0,9.320116674705882e-09,A0.9,40.0
1583,2026-08-23 19:34:09,2026-08-23 19:34:09,1,2026-08-23 19:34:09,112.0,9.045437050588237e-09,A0.9,39.0
1584,2026-07-08 09:54:14,2026-07-08 09:54:15,2,2026-07-08 09:54:14,112.0,9.168427927058824e-09,A0.9,40.0
1585,2026-08-09 16:41:23,2026-08-09 16:41:26,4,2026-08-09 16:41:25,111.0,9.183153846176472e-09,A0.9,29.0
1586,2026-08-23 19:34:13,2026-08-23 19:34:13,1,2026-08-23 19:34:13,111.0,8.972702790882354e-09,A0.9,40.0
1587,2026-07-08 09:55:04,2026-07-08 09:55:06,3,2026-07-08 09:55:05,111.0,8.967236529705883e-09,A0.9,40.0
1588,2026-07-08 09:55:27,2026-07-08 09:55:27,1,2026-07-08 09:55:27,111.0,9.124391538529411e-09,A0.9,40.0
1589,2026-07-23 16:51:23,2026-07-23 16:51:25,3,2026-07-23 16:51:23,110.0,8.454468245294119e-09,A0.8,43.0
1590,2026-07-22 01:06:03,2026-07-22 01:06:03,1,2026-07-22 01:06:03,110.0,8.666285865882353e-09,A0.9,49.0
1591,2026-07-22 01:07:33,2026-07-22 01:07:35,3,2026-07-22 01:07:34,110.0,8.256316277647058e-09,A0.8,48.0
1592,2026-07-08 09:54:35,2026-07-08 09:54:35,1,2026-07-08 09:54:35,110.0,8.712749085882354e-09,A0.9,40.0
1593,2026-08-18 06:42:18,2026-08-18 06:42:18,1,2026-08-18 06:42:18,110.0,9.088554541764706e-09,A0.9,41.0
1594,2026-07-08 09:53:45,2026-07-08 09:53:45,1,2026-07-08 09:53:45,110.0,8.757845740588236e-09,A0.9,40.0
1595,2026-07-08 09:55:14,2026-07-08 09:55:14,1,2026-07-08 09:55:14,110.0,9.445228083529412e-09,A0.9,40.0
1596,2026-08-09 16:39:54,2026-08-09 16:39:55,2,2026-08-09 16:39:54,110.0,9.160982502352941e-09,A0.9,28.0
1597,2026-08-20 04:10:38,2026-08-20 04:10:38,1,2026-08-20 04:10:38,109.0,7.962198440294119e-09,A0.8,44.0
1598,2026-07-08 09:55:41,2026-07-08 09:55:41,1,2026-07-08 09:55:41,109.0,8.933826364411767e-09,A0.9,40.0
1599,2026-08-18 06:44:44,2026-08-18 06:44:44,1,2026-08-18 06:44:44,109.0,8.025060443823531e-09,A0.8,42.0
1600,2026-07-08 09:54:41,2026-07-08 09:54:41,1,2026-07-08 09:54:41,109.0,8.980289584411766e-09,A0.9,40.0
1601,2026-08-09 16:41:15,2026-08-09 16:41:17,3,2026-08-09 16:41:16,109.0,8.980289584411764e-09,A0.9,29.0
1602,2026-08-09 16:41:41,2026-08-09 16:41:42,2,2026-08-09 16:41:41,109.0,8.717909047941176e-09,A0.9,29.0
1603,2026-07-08 09:52:58,2026-07-08 09:52:58,1,2026-07-08 09:52:58,108.0,9.217765646470588e-09,A0.9,39.5
1604,2026-08-23 19:36:41,2026-08-23 19:36:41,1,2026-08-23 19:36:41,108.0,8.72990183647059e-09,A0.9,43.0
1605,2026-07-22 01:06:00,2026-07-22 01:06:00,1,2026-07-22 01:06:00,108.0,8.955385109999998e-09,A0.9,49.0
1606,2026-08-09 16:41:28,2026-08-09 16:41:29,2,2026-08-09 16:41:29,108.0,8.64244165764706e-09,A0.9,29.0
1607,2026-07-08 09:55:12,2026-07-08 09:55:12,1,2026-07-08 09:55:12,107.0,8.896316503235293e-09,A0.9,40.0
1608,2026-07-22 15:52:27,2026-07-22 15:52:27,1,2026-07-22 15:52:27,107.0,8.726862406764706e-09,A0.9,44.0
1609,2026-07-08 09:55:17,2026-07-08 09:55:17,1,2026-07-08 09:55:17,107.0,8.28409525147059e-09,A0.8,40.0
1610,2026-08-09 16:40:52,2026-08-09 16:40:53,2,2026-08-09 16:40:52,107.0,9.091735340294118e-09,A0.9,28.5
1611,2026-07-08 09:54:01,2026-07-08 09:54:01,1,2026-07-08 09:54:01,107.0,8.702264231470588e-09,A0.9,40.0
1612,2026-08-18 06:44:54,2026-08-18 06:44:54,1,2026-08-18 06:44:54,107.0,8.275895859705882e-09,A0.8,42.0
1613,2026-07-25 01:40:27,2026-07-25 01:40:27,1,2026-07-25 01:40:27,107.0,8.174770027941178e-09,A0.8,44.0
1614,2026-08-09 16:40:09,2026-08-09 16:40:10,2,2026-08-09 16:40:09,107.0,8.889483676764705e-09,A0.9,28.0
1615,2026-08-09 16:40:43,2026-08-09 16:40:45,3,2026-08-09 16:40:45,107.0,8.687232013235295e-09,A0.9,28.5
1616,2026-08-20 04:10:25,2026-08-20 04:10:25,1,2026-08-20 04:10:25,107.0,7.952019885e-09,A0.8,44.0
1617,2026-07-08 09:53:35,2026-07-08 09:53:35,1,2026-07-08 09:53:35,106.0,8.897376769411765e-09,A0.9,40.0
1618,2026-08-18 06:44:50,2026-08-18 06:44:50,1,2026-08-18 06:44:50,106.0,8.501072834117646e-09,A0.9,42.0
1619,2026-07-08 09:55:00,2026-07-08 09:55:00,1,2026-07-08 09:55:00,106.0,8.119801117058824e-09,A0.8,40.0
1620,2026-07-08 09:54:51,2026-07-08 09:54:52,2,2026-07-08 09:54:51,106.0,8.461442440588235e-09,A0.8,40.0
1621,2026-08-09 16:42:05,2026-08-09 16:42:05,1,2026-08-09 16:42:05,106.0,8.547536054117647e-09,A0.9,29.0
1622,2026-07-08 09:55:20,2026-07-08 09:55:20,1,2026-07-08 09:55:20,105.0,8.144092993235294e-09,A0.8,40.0
1623,2026-07-22 07:47:40,2026-07-22 07:47:40,1,2026-07-22 07:47:40,105.0,8.909369557941177e-09,A0.9,47.0
1624,2026-07-23 16:51:02,2026-07-23 16:51:02,1,2026-07-23 16:51:02,105.0,8.108562295588235e-09,A0.8,43.0
1625,2026-07-23 16:52:17,2026-07-23 16:52:18,2,2026-07-23 16:52:17,105.0,7.745055927352941e-09,A0.8,43.0
1626,2026-08-23 10:08:35,2026-08-23 10:08:36,2,2026-08-23 10:08:35,105.0,8.771346463235295e-09,A0.9,31.0
1627,2026-08-23 10:08:45,2026-08-23 10:08:48,4,2026-08-23 10:08:46,105.0,8.470702098529413e-09,A0.8,31.0
1628,2026-08-09 16:42:43,2026-08-09 16:42:43,1,2026-08-09 16:42:43,105.0,8.410573225588236e-09,A0.8,29.0
1629,2026-07-23 16:52:24,2026-07-23 16:52:25,2,2026-07-23 16:52:25,104.0,8.165651738823528e-09,A0.8,43.0
1630,2026-08-09 16:39:19,2026-08-09 16:39:19,1,2026-08-09 16:39:19,104.0,8.880365387647058e-09,A0.9,28.0
1631,2026-08-09 16:40:01,2026-08-09 16:40:02,2,2026-08-09 16:40:02,104.0,9.073051094117648e-09,A0.9,28.0
1632,2026-07-22 13:08:19,2026-07-22 13:08:19,1,2026-07-22 13:08:19,104.0,7.703752669411765e-09,A0.8,51.0
1633,2026-08-23 19:34:32,2026-08-23 19:34:32,1,2026-08-23 19:34:32,104.0,8.09049064764706e-09,A0.8,40.0
1634,2026-07-23 16:52:37,2026-07-23 16:52:37,1,2026-07-23 16:52:37,104.0,7.829476676470588e-09,A0.8,43.0
1635,2026-07-23 16:51:12,2026-07-23 16:51:12,1,2026-07-23 16:51:12,104.0,8.21211495882353e-09,A0.8,43.0
1636,2026-07-23 16:51:19,2026-07-23 16:51:21,3,2026-07-23 16:51:19,103.0,7.814138159117648e-09,A0.8,43.0
1637,2026-08-23 19:34:02,2026-08-23 19:34:02,1,2026-08-23 19:34:02,103.0,8.550716852647059e-09,A0.9,39.0
1638,2026-07-23 16:51:52,2026-07-23 16:51:52,1,2026-07-23 16:51:52,103.0,7.872900466764707e-09,A0.8,43.0
1639,2026-07-08 09:53:19,2026-07-08 09:53:19,1,2026-07-08 09:53:19,103.0,8.706505296176471e-09,A0.9,40.0
1640,2026-07-22 13:08:29,2026-07-22 13:08:30,2,2026-07-22 13:08:30,103.0,8.013656692058824e-09,A0.8,51.0
1641,2026-08-09 16:41:45,2026-08-09 16:41:45,1,2026-08-09 16:41:45,103.0,8.513819589705883e-09,A0.9,29.0
1642,2026-07-26 10:14:35,2026-07-26 10:14:35,1,2026-07-26 10:14:35,103.0,8.177644527352942e-09,A0.8,40.0
1643,2026-08-09 16:42:29,2026-08-09 16:42:30,2,2026-08-09 16:42:29,103.0,8.524752112058823e-09,A0.9,29.0
1644,2026-08-09 16:41:35,2026-08-09 16:41:35,1,2026-08-09 16:41:35,103.0,8.639543596764706e-09,A0.9,29.0
1645,2026-08-09 16:41:48,2026-08-09 16:41:50,3,2026-08-09 16:41:48,102.0,8.088511484117648e-09,A0.8,29.0
1646,2026-08-23 10:09:07,2026-08-23 10:09:07,1,2026-08-23 10:09:07,102.0,8.505313898823529e-09,A0.9,31.0
1647,2026-08-23 10:08:30,2026-08-23 10:08:31,2,2026-08-23 10:08:31,102.0,8.360457977647059e-09,A0.8,31.0
1648,2026-07-23 16:52:14,2026-07-23 16:52:14,1,2026-07-23 16:52:14,102.0,8.025649480588234e-09,A0.8,43.0
1649,2026-07-23 16:52:44,2026-07-23 16:52:44,1,2026-07-23 16:52:44,102.0,7.658043416470588e-09,A0.8,43.0
1650,2026-08-09 16:40:04,2026-08-09 16:40:04,1,2026-08-09 16:40:04,101.0,8.409348029117647e-09,A0.8,28.0
1651,2026-07-23 16:52:27,2026-07-23 16:52:28,2,2026-07-23 16:52:27,101.0,7.534746240882352e-09,A0.8,43.0
1652,2026-08-23 10:08:14,2026-08-23 10:08:14,1,2026-08-23 10:08:14,101.0,8.110070229705883e-09,A0.8,31.0
1653,2026-08-09 16:39:39,2026-08-09 16:39:40,2,2026-08-09 16:39:39,101.0,8.223495149117647e-09,A0.8,28.0
1654,2026-08-23 13:14:35,2026-08-23 13:14:35,1,2026-08-23 13:14:35,101.0,9.091264110882353e-09,A0.9,33.0
1655,2026-08-09 16:39:59,2026-08-09 16:39:59,1,2026-08-09 16:39:59,100.0,8.24642046e-09,A0.8,28.0
1656,2026-08-09 16:39:57,2026-08-09 16:39:57,1,2026-08-09 16:39:57,100.0,8.639991264705883e-09,A0.9,28.0
1657,2026-07-23 16:52:39,2026-07-23 16:52:40,2,2026-07-23 16:52:39,100.0,7.900679440588235e-09,A0.8,43.0
1658,2026-08-23 13:15:05,2026-08-23 13:15:06,2,2026-08-23 13:15:05,100.0,7.966274574705884e-09,A0.8,33.0
1659,2026-08-09 16:39:35,2026-08-09 16:39:37,3,2026-08-09 16:39:36,100.0,7.940309834117646e-09,A0.8,28.0
1660,2026-08-23 13:15:53,2026-08-23 13:15:54,2,2026-08-23 13:15:53,100.0,7.783154825294118e-09,A0.8,33.0
1661,2026-08-09 16:41:09,2026-08-09 16:41:09,1,2026-08-09 16:41:09,100.0,8.168526238235294e-09,A0.8,29.0
1662,2026-08-09 16:42:23,2026-08-09 16:42:24,2,2026-08-09 16:42:24,100.0,7.73532504e-09,A0.8,29.0
1663,2026-08-23 10:08:38,2026-08-23 10:08:39,2,2026-08-23 10:08:39,100.0,8.142561497647058e-09,A0.8,31.0
1664,2026-07-28 17:47:07,2026-07-28 17:47:07,1,2026-07-28 17:47:07,100.0,8.016837490588236e-09,A0.8,41.0
1665,2026-08-09 16:42:11,2026-08-09 16:42:11,1,2026-08-09 16:42:11,99.0,8.388236951470589e-09,A0.8,29.0
1666,2026-07-23 16:51:37,2026-07-23 16:51:37,1,2026-07-23 16:51:37,99.0,7.751417524411764e-09,A0.8,43.0
1667,2026-07-23 16:51:34,2026-07-23 16:51:34,1,2026-07-23 16:51:34,99.0,7.245788365588235e-09,A0.7,43.0
1668,2026-07-22 13:08:10,2026-07-22 13:08:10,1,2026-07-22 13:08:10,99.0,7.28405219382353e-09,A0.7,51.0
1669,2026-08-09 16:41:19,2026-08-09 16:41:20,2,2026-08-09 16:41:20,99.0,8.337674035588237e-09,A0.8,29.0
1670,2026-07-23 16:52:30,2026-07-23 16:52:31,2,2026-07-23 16:52:30,99.0,8.129956110882353e-09,A0.8,43.0
1671,2026-08-23 13:15:24,2026-08-23 13:15:25,2,2026-08-23 13:15:24,99.0,8.396436343235294e-09,A0.8,33.0
1672,2026-08-09 16:41:31,2026-08-09 16:41:33,3,2026-08-09 16:41:31,98.0,7.995726412941176e-09,A0.8,29.0
1673,2026-07-23 16:52:48,2026-07-23 16:52:48,1,2026-07-23 16:52:48,98.0,7.3042443741176474e-09,A0.7,43.0
1674,2026-07-23 16:52:01,2026-07-23 16:52:01,1,2026-07-23 16:52:01,98.0,7.554325822941177e-09,A0.8,43.0
1675,2026-08-09 16:39:46,2026-08-09 16:39:46,1,2026-08-09 16:39:46,98.0,7.711480831764706e-09,A0.8,28.0
1676,2026-08-09 16:39:25,2026-08-09 16:39:25,1,2026-08-09 16:39:25,98.0,8.084553157058825e-09,A0.8,28.0
1677,2026-08-09 16:39:27,2026-08-09 16:39:27,1,2026-08-09 16:39:27,97.0,8.327495480294117e-09,A0.8,28.0
1678,2026-08-09 16:39:42,2026-08-09 16:39:42,1,2026-08-09 16:39:42,97.0,8.024117985e-09,A0.8,28.0
1679,2026-07-22 13:08:36,2026-07-22 13:08:36,1,2026-07-22 13:08:36,97.0,7.596383047941177e-09,A0.8,51.0
1680,2026-07-22 13:08:44,2026-07-22 13:08:44,1,2026-07-22 13:08:44,97.0,7.104419542058823e-09,A0.7,51.0
1681,2026-08-23 13:14:42,2026-08-23 13:14:42,1,2026-08-23 13:14:42,97.0,8.03641707264706e-09,A0.8,33.0
1682,2026-08-09 16:39:48,2026-08-09 16:39:51,4,2026-08-09 16:39:49,97.0,7.925725283823528e-09,A0.8,28.0
1683,2026-07-22 07:47:38,2026-07-22 07:47:38,1,2026-07-22 07:47:38,97.0,7.074355105588235e-09,A0.7,47.0
1684,2026-07-23 16:52:12,2026-07-23 16:52:12,1,2026-07-23 16:52:12,97.0,7.638746572058825e-09,A0.8,43.0
1685,2026-07-22 07:47:05,2026-07-22 07:47:05,1,2026-07-22 07:47:05,97.0,7.332635946176472e-09,A0.7,47.0
1686,2026-08-09 16:41:38,2026-08-09 16:41:38,1,2026-08-09 16:41:38,97.0,8.069214639705882e-09,A0.8,29.0
1687,2026-08-23 10:08:16,2026-08-23 10:08:16,1,2026-08-23 10:08:16,97.0,8.219536822058822e-09,A0.8,31.0
1688,2026-08-09 16:39:32,2026-08-09 16:39:32,1,2026-08-09 16:39:32,96.0,8.32718918117647e-09,A0.8,28.0
1689,2026-08-23 13:15:48,2026-08-23 13:15:48,1,2026-08-23 13:15:48,96.0,7.422522956470588e-09,A0.7,33.0
1690,2026-07-23 16:50:55,2026-07-23 16:50:55,1,2026-07-23 16:50:55,96.0,7.550980094117647e-09,A0.8,42.5
1691,2026-08-09 16:39:21,2026-08-09 16:39:21,1,2026-08-09 16:39:21,96.0,8.001946641176471e-09,A0.8,28.0
1692,2026-08-23 10:08:07,2026-08-23 10:08:07,1,2026-08-23 10:08:07,96.0,7.4334554788235285e-09,A0.7,31.0
1693,2026-08-23 10:08:33,2026-08-23 10:08:33,1,2026-08-23 10:08:33,96.0,8.253394655294117e-09,A0.8,31.0
1694,2026-08-23 10:08:57,2026-08-23 10:08:57,1,2026-08-23 10:08:57,95.0,7.681864063235295e-09,A0.8,31.0
1695,2026-08-23 10:08:24,2026-08-23 10:08:28,5,2026-08-23 10:08:27,95.0,7.77069080735294e-09,A0.8,31.0
1696,2026-08-23 13:14:40,2026-08-23 13:14:40,1,2026-08-23 13:14:40,95.0,7.528808750294118e-09,A0.8,33.0
1697,2026-08-23 13:15:22,2026-08-23 13:15:22,1,2026-08-23 13:15:22,95.0,7.940144903823528e-09,A0.8,33.0
1698,2026-08-09 16:39:23,2026-08-09 16:39:23,1,2026-08-09 16:39:23,95.0,8.151962524411765e-09,A0.8,28.0
1699,2026-08-09 16:39:13,2026-08-09 16:39:15,3,2026-08-09 16:39:15,95.0,8.086367390294118e-09,A0.8,28.0
1700,2026-08-23 13:14:55,2026-08-23 13:14:55,1,2026-08-23 13:14:55,95.0,7.661365583823531e-09,A0.8,33.0
1701,2026-08-23 13:14:46,2026-08-23 13:14:46,1,2026-08-23 13:14:46,95.0,7.711928499705881e-09,A0.8,33.0
1702,2026-08-09 16:42:07,2026-08-09 16:42:08,2,2026-08-09 16:42:08,94.0,7.394579052352941e-09,A0.7,29.0
1703,2026-08-23 13:14:57,2026-08-23 13:14:57,1,2026-08-23 13:14:57,94.0,7.89474195e-09,A0.8,33.0
1704,2026-08-09 16:38:58,2026-08-09 16:38:58,1,2026-08-09 16:38:58,94.0,7.84281246882353e-09,A0.8,28.0
1705,2026-08-23 10:09:10,2026-08-23 10:09:11,2,2026-08-23 10:09:11,94.0,7.682924329411764e-09,A0.8,31.0
1706,2026-08-26 11:48:12,2026-08-26 11:48:12,1,2026-08-26 11:48:12,93.0,7.174255740882353e-09,A0.7,32.0
1707,2026-08-23 10:08:53,2026-08-23 10:08:53,1,2026-08-23 10:08:53,93.0,7.416137797941178e-09,A0.7,31.0
1708,2026-07-07 22:49:52,2026-07-07 22:49:55,4,2026-07-07 22:49:53,93.0,7.492665454411764e-09,A0.7,24.0
1709,2026-08-23 13:15:18,2026-08-23 13:15:18,1,2026-08-23 13:15:18,93.0,7.629321983823529e-09,A0.8,33.0
1710,2026-07-07 22:48:57,2026-07-07 22:49:04,8,2026-07-07 22:48:57,92.0,7.340670407647058e-09,A0.7,24.0
1711,2026-07-22 07:47:02,2026-07-22 07:47:02,1,2026-07-22 07:47:02,92.0,6.919768297058825e-09,A0.7,47.0
1712,2026-08-23 13:15:11,2026-08-23 13:15:11,1,2026-08-23 13:15:11,92.0,7.719208994117647e-09,A0.8,33.0
1713,2026-08-23 10:08:12,2026-08-23 10:08:12,1,2026-08-23 10:08:12,92.0,7.362535452352941e-09,A0.7,31.0
1714,2026-08-23 10:08:18,2026-08-23 10:08:18,1,2026-08-23 10:08:18,91.0,7.209173840294117e-09,A0.7,31.0
1715,2026-08-23 10:08:50,2026-08-23 10:08:50,1,2026-08-23 10:08:50,91.0,7.438756809705882e-09,A0.7,31.0
1716,2026-08-23 13:15:35,2026-08-23 13:15:35,1,2026-08-23 13:15:35,91.0,7.319865629117647e-09,A0.7,33.0
1717,2026-08-23 10:08:20,2026-08-23 10:08:22,3,2026-08-23 10:08:21,91.0,7.233772015588235e-09,A0.7,31.0
1718,2026-08-09 16:38:54,2026-08-09 16:38:54,1,2026-08-09 16:38:54,90.0,7.510878471176471e-09,A0.8,28.0
1719,2026-08-09 16:38:33,2026-08-09 16:38:33,1,2026-08-09 16:38:33,90.0,7.568274213529412e-09,A0.8,27.0
1720,2026-07-07 22:50:11,2026-07-07 22:50:14,4,2026-07-07 22:50:14,90.0,6.964252353529412e-09,A0.7,24.0
1721,2026-08-14 09:53:10,2026-08-14 09:53:14,5,2026-08-14 09:53:10,90.0,7.258063891764705e-09,A0.7,20.0
1722,2026-08-23 13:15:50,2026-08-23 13:15:50,1,2026-08-23 13:15:50,89.0,7.155265195588236e-09,A0.7,33.0
1723,2026-08-23 10:09:44,2026-08-23 10:09:44,1,2026-08-23 10:09:44,89.0,7.468208647941175e-09,A0.7,31.0
1724,2026-08-14 09:52:51,2026-08-14 09:52:52,2,2026-08-14 09:52:51,89.0,7.331552118529413e-09,A0.7,20.0
1725,2026-08-23 10:07:43,2026-08-23 10:07:43,1,2026-08-23 10:07:43,89.0,6.917482834411764e-09,A0.7,31.0
1726,2026-08-23 13:15:00,2026-08-23 13:15:01,2,2026-08-23 13:15:00,88.0,7.226020291764706e-09,A0.7,33.0
1727,2026-08-09 16:38:46,2026-08-09 16:38:46,1,2026-08-09 16:38:46,88.0,7.686552795882352e-09,A0.8,27.0
1728,2026-07-07 22:49:21,2026-07-07 22:49:37,17,2026-07-07 22:49:36,88.0,7.070231848235294e-09,A0.7,24.0
1729,2026-08-26 11:47:07,2026-08-26 11:47:07,1,2026-08-26 11:47:07,87.0,6.897738322058823e-09,A0.7,31.0
1730,2026-08-23 10:09:22,2026-08-23 10:09:22,1,2026-08-23 10:09:22,87.0,6.9127705402941175e-09,A0.7,31.0
1731,2026-08-09 16:39:02,2026-08-09 16:39:02,1,2026-08-09 16:39:02,87.0,7.641149842058824e-09,A0.8,28.0
1732,2026-08-23 10:07:17,2026-08-23 10:07:17,1,2026-08-23 10:07:17,87.0,7.21888116617647e-09,A0.7,31.0
1733,2026-08-23 13:15:20,2026-08-23 13:15:20,1,2026-08-23 13:15:20,87.0,7.376036175e-09,A0.7,33.0
1734,2026-08-23 10:08:41,2026-08-23 10:08:41,1,2026-08-23 10:08:41,87.0,7.310441040882353e-09,A0.7,31.0
1735,2026-08-23 10:07:50,2026-08-23 10:07:51,2,2026-08-23 10:07:50,87.0,7.412933437941176e-09,A0.7,31.0
1736,2026-07-07 22:50:21,2026-07-07 22:50:21,1,2026-07-07 22:50:21,86.0,6.633684921176469e-09,A0.7,24.0
1737,2026-07-07 22:49:42,2026-07-07 22:49:43,2,2026-07-07 22:49:43,86.0,7.008123811764706e-09,A0.7,24.0
1738,2026-07-07 22:49:59,2026-07-07 22:50:02,4,2026-07-07 22:50:00,86.0,7.038188248235295e-09,A0.7,24.0
1739,2026-08-23 10:07:36,2026-08-23 10:07:36,1,2026-08-23 10:07:36,86.0,6.688347532941176e-09,A0.7,31.0
1740,2026-08-23 10:09:30,2026-08-23 10:09:30,1,2026-08-23 10:09:30,86.0,6.700646620588234e-09,A0.7,31.0
1741,2026-07-14 09:55:44,2026-07-14 09:57:57,134,2026-07-14 09:56:09,85.0,6.924457029705884e-09,A0.7,12.0
1742,2026-07-07 22:49:09,2026-07-07 22:49:11,3,2026-07-07 22:49:10,85.0,7.092544560882354e-09,A0.7,24.0
1743,2026-07-07 22:50:34,2026-07-07 22:50:35,2,2026-07-07 22:50:34,85.0,6.522686833235295e-09,A0.7,24.0
1744,2026-08-23 10:09:25,2026-08-23 10:09:25,1,2026-08-23 10:09:25,85.0,6.7468035414705885e-09,A0.7,31.0
1745,2026-07-07 22:50:08,2026-07-07 22:50:09,2,2026-07-07 22:50:09,84.0,6.264099693529413e-09,A0.6,24.0
1746,2026-07-07 22:49:14,2026-07-07 22:49:19,6,2026-07-07 22:49:16,84.0,7.085405435294117e-09,A0.7,24.0
1747,2026-07-15 18:14:02,2026-07-15 18:14:02,1,2026-07-15 18:14:02,83.0,6.791287597941177e-09,A0.7,25.5
1748,2026-07-07 22:48:37,2026-07-07 22:48:37,1,2026-07-07 22:48:37,83.0,6.859615862647059e-09,A0.7,24.0
1749,2026-07-07 22:48:49,2026-07-07 22:48:53,5,2026-07-07 22:48:51,83.0,7.23678788382353e-09,A0.7,24.0
1750,2026-08-09 16:38:50,2026-08-09 16:38:50,1,2026-08-09 16:38:50,82.0,6.957702264705882e-09,A0.7,28.0
1751,2026-07-07 22:48:24,2026-07-07 22:48:24,1,2026-07-07 22:48:24,82.0,6.590096200588235e-09,A0.7,24.0
1752,2026-07-15 18:14:51,2026-07-15 18:14:52,2,2026-07-15 18:14:51,82.0,6.826511996470588e-09,A0.7,26.0
1753,2026-08-09 16:38:39,2026-08-09 16:38:39,1,2026-08-09 16:38:39,82.0,6.778682211176471e-09,A0.7,27.0
1754,2026-08-15 13:38:15,2026-08-15 13:38:22,8,2026-08-15 13:38:17,82.0,6.8839077388235295e-09,A0.7,18.0
1755,2026-07-07 22:49:47,2026-07-07 22:49:48,2,2026-07-07 22:49:48,82.0,6.631093159411765e-09,A0.7,24.0
1756,2026-08-09 16:38:52,2026-08-09 16:38:52,1,2026-08-09 16:38:52,82.0,6.784148472352941e-09,A0.7,28.0
1757,2026-07-07 22:49:06,2026-07-07 22:49:07,2,2026-07-07 22:49:07,81.0,6.8863345702941165e-09,A0.7,24.0
1758,2026-07-15 18:16:37,2026-07-15 18:16:37,1,2026-07-15 18:16:37,81.0,6.395737629705883e-09,A0.6,26.0
1759,2026-07-07 22:48:44,2026-07-07 22:48:44,1,2026-07-07 22:48:44,81.0,6.539226985588235e-09,A0.7,24.0
1760,2026-07-07 22:50:47,2026-07-07 22:50:47,1,2026-07-07 22:50:47,81.0,5.9707358232352944e-09,A0.6,24.0
1761,2026-07-07 22:50:04,2026-07-07 22:50:05,2,2026-07-07 22:50:04,81.0,6.608921815588234e-09,A0.7,24.0
1762,2026-08-14 09:53:37,2026-08-14 09:53:41,5,2026-08-14 09:53:40,80.0,6.2697073235294125e-09,A0.6,20.0
1763,2026-08-14 09:53:25,2026-08-14 09:53:27,3,2026-08-14 09:53:27,80.0,6.563518861764705e-09,A0.7,20.0
1764,2026-07-07 22:49:50,2026-07-07 22:49:50,1,2026-07-07 22:49:50,80.0,6.186346840588235e-09,A0.6,24.0
1765,2026-07-07 22:49:45,2026-07-07 22:49:45,1,2026-07-07 22:49:45,80.0,6.402264157058825e-09,A0.6,24.0
1766,2026-07-15 18:13:16,2026-07-15 18:13:16,1,2026-07-15 18:13:16,79.0,6.560479432058823e-09,A0.7,25.0
1767,2026-07-15 18:13:40,2026-07-15 18:13:40,1,2026-07-15 18:13:40,79.0,6.411523815000001e-09,A0.6,25.0
1768,2026-08-14 09:52:56,2026-08-14 09:53:04,9,2026-08-14 09:53:04,77.0,6.203193292058824e-09,A0.6,20.0
1769,2026-07-07 22:50:56,2026-07-07 22:50:56,1,2026-07-07 22:50:56,76.0,5.772418925294118e-09,A0.6,24.0
1770,2026-07-07 22:50:25,2026-07-07 22:50:25,1,2026-07-07 22:50:25,76.0,5.877644452941175e-09,A0.6,24.0
1771,2026-07-07 22:48:26,2026-07-07 22:48:27,2,2026-07-07 22:48:26,75.0,6.139718690294118e-09,A0.6,24.0
1772,2026-07-07 22:50:41,2026-07-07 22:50:41,1,2026-07-07 22:50:41,75.0,5.803543627941176e-09,A0.6,24.0
1773,2026-07-07 22:50:32,2026-07-07 22:50:32,1,2026-07-07 22:50:32,75.0,6.007161856764705e-09,A0.6,24.0
1774,2026-08-14 09:53:46,2026-08-14 09:53:47,2,2026-08-14 09:53:47,75.0,5.942933287941177e-09,A0.6,20.0
1775,2026-07-07 22:50:53,2026-07-07 22:50:54,2,2026-07-07 22:50:53,75.0,5.89510350264706e-09,A0.6,24.0
1776,2026-08-14 09:53:34,2026-08-14 09:53:35,2,2026-08-14 09:53:35,74.0,5.887964377058822e-09,A0.6,20.0
1777,2026-07-07 22:48:46,2026-07-07 22:48:47,2,2026-07-07 22:48:47,73.0,6.002449562647059e-09,A0.6,24.0
1778,2026-07-07 22:48:19,2026-07-07 22:48:19,1,2026-07-07 22:48:19,73.0,6.245698184999999e-09,A0.6,24.0
1779,2026-08-26 19:12:05,2026-08-26 19:12:05,1,2026-08-26 19:12:05,73.0,5.797464768529411e-09,A0.6,27.0
1780,2026-08-04 11:57:56,2026-08-04 11:58:06,11,2026-08-04 11:58:04,72.0,6.12513414e-09,A0.6,13.0
1781,2026-07-07 22:50:45,2026-07-07 22:50:45,1,2026-07-07 22:50:45,72.0,5.463716537647059e-09,A0.5,24.0
1782,2026-08-14 09:52:54,2026-08-14 09:52:54,1,2026-08-14 09:52:54,71.0,5.563169504999999e-09,A0.6,20.0
1783,2026-08-14 09:53:59,2026-08-14 09:54:01,3,2026-08-14 09:54:01,71.0,5.419680149117648e-09,A0.5,20.0
1784,2026-08-04 11:57:39,2026-08-04 11:57:47,9,2026-08-04 11:57:46,71.0,6.053766445588235e-09,A0.6,13.0
1785,2026-08-14 09:53:29,2026-08-14 09:53:31,3,2026-08-14 09:53:31,71.0,5.769520864411765e-09,A0.6,20.0
1786,2026-07-23 06:46:11,2026-07-23 06:46:11,1,2026-07-23 06:46:11,71.0,5.19693000617647e-09,A0.5,31.0
1787,2026-08-14 09:54:18,2026-08-14 09:54:18,1,2026-08-14 09:54:18,71.0,5.298055837941177e-09,A0.5,20.0
1788,2026-07-07 22:50:16,2026-07-07 22:50:16,1,2026-07-07 22:50:16,71.0,5.764054603235295e-09,A0.6,24.0
1789,2026-08-14 09:52:18,2026-08-14 09:52:18,1,2026-08-14 09:52:18,71.0,5.738089862647059e-09,A0.6,20.0
1790,2026-08-14 09:52:16,2026-08-14 09:52:16,1,2026-08-14 09:52:16,70.0,6.056193277058823e-09,A0.6,20.0
1791,2026-07-07 22:48:55,2026-07-07 22:48:55,1,2026-07-07 22:48:55,70.0,5.743249824705883e-09,A0.6,24.0
1792,2026-07-07 22:51:25,2026-07-07 22:51:25,1,2026-07-07 22:51:25,70.0,5.180224923529412e-09,A0.5,24.0
1793,2026-08-15 08:21:06,2026-08-15 08:21:11,6,2026-08-15 08:21:07,70.0,5.197990272352941e-09,A0.5,12.0
1794,2026-07-07 22:49:39,2026-07-07 22:49:39,1,2026-07-07 22:49:39,70.0,5.739150128823529e-09,A0.6,24.0
1795,2026-08-04 11:58:21,2026-08-04 11:58:22,2,2026-08-04 11:58:21,70.0,5.398875370588235e-09,A0.5,14.0
1796,2026-08-14 09:54:04,2026-08-14 09:54:04,1,2026-08-14 09:54:04,69.0,5.7156122197058825e-09,A0.6,20.0
1797,2026-08-14 09:53:21,2026-08-14 09:53:22,2,2026-08-14 09:53:22,69.0,5.552990949705882e-09,A0.6,20.0
1798,2026-07-07 22:50:19,2026-07-07 22:50:19,1,2026-07-07 22:50:19,69.0,5.468263901470588e-09,A0.5,24.0
1799,2026-08-14 09:53:53,2026-08-14 09:53:53,1,2026-08-14 09:53:53,68.0,5.6237460458823525e-09,A0.6,20.0
1800,2026-08-14 09:54:48,2026-08-14 09:54:48,1,2026-08-14 09:54:48,68.0,5.13178254e-09,A0.5,21.0
1801,2026-08-04 11:59:13,2026-08-04 11:59:13,1,2026-08-04 11:59:13,68.0,5.381863988823529e-09,A0.5,14.0
1802,2026-08-15 00:32:56,2026-08-15 00:32:56,1,2026-08-15 00:32:56,68.0,5.227442110588236e-09,A0.5,19.0
1803,2026-08-14 09:54:21,2026-08-14 09:54:21,1,2026-08-14 09:54:21,67.0,4.998919407352941e-09,A0.5,20.0
1804,2026-08-15 00:32:35,2026-08-15 00:32:36,2,2026-08-15 00:32:36,67.0,5.168373503823529e-09,A0.5,19.0
1805,2026-08-14 09:52:49,2026-08-14 09:52:49,1,2026-08-14 09:52:49,67.0,5.302296902647059e-09,A0.5,20.0
1806,2026-08-14 09:53:43,2026-08-14 09:53:43,1,2026-08-14 09:53:43,67.0,5.1547078508823536e-09,A0.5,20.0
1807,2026-08-15 13:40:12,2026-08-15 13:40:13,2,2026-08-15 13:40:13,67.0,5.07544706382353e-09,A0.5,18.0
1808,2026-08-14 09:53:07,2026-08-14 09:53:08,2,2026-08-14 09:53:07,67.0,5.62070661617647e-09,A0.6,20.0
1809,2026-08-14 09:52:37,2026-08-14 09:52:37,1,2026-08-14 09:52:37,66.0,5.1667006394117645e-09,A0.5,20.0
1810,2026-08-14 09:54:27,2026-08-14 09:54:27,1,2026-08-14 09:54:27,66.0,4.976748063529412e-09,A0.5,20.0
1811,2026-08-04 11:58:10,2026-08-04 11:58:13,4,2026-08-04 11:58:12,66.0,5.311556560588235e-09,A0.5,14.0
1812,2026-08-27 05:53:11,2026-08-27 05:53:11,1,2026-08-27 05:53:11,66.0,5.522007615882354e-09,A0.6,21.0
1813,2026-08-14 09:53:16,2026-08-14 09:53:16,1,2026-08-14 09:53:16,66.0,5.181732857647059e-09,A0.5,20.0
1814,2026-08-14 09:53:56,2026-08-14 09:53:56,1,2026-08-14 09:53:56,66.0,5.058741981176472e-09,A0.5,20.0
1815,2026-08-14 09:52:47,2026-08-14 09:52:47,1,2026-08-14 09:52:47,66.0,5.218630120588236e-09,A0.5,20.0
1816,2026-08-15 09:28:30,2026-08-15 09:28:31,2,2026-08-15 09:28:31,66.0,4.874255666470589e-09,A0.5,14.0
1817,2026-08-04 11:57:49,2026-08-04 11:57:54,6,2026-08-04 11:57:50,65.0,5.278452694411764e-09,A0.5,13.0
1818,2026-08-27 05:53:42,2026-08-27 05:53:42,1,2026-08-27 05:53:42,65.0,5.726686110882353e-09,A0.6,20.0
1819,2026-08-15 08:20:56,2026-08-15 08:21:04,9,2026-08-15 08:20:57,65.0,5.106265467352941e-09,A0.5,12.0
1820,2026-08-14 09:53:18,2026-08-14 09:53:18,1,2026-08-14 09:53:18,65.0,5.789548114411765e-09,A0.6,20.0
1821,2026-08-14 09:52:21,2026-08-14 09:52:21,1,2026-08-14 09:52:21,65.0,5.277086129117647e-09,A0.5,20.0
1822,2026-08-14 09:52:29,2026-08-14 09:52:29,1,2026-08-14 09:52:29,65.0,5.18279312382353e-09,A0.5,20.0
1823,2026-08-14 09:52:24,2026-08-14 09:52:24,1,2026-08-14 09:52:24,65.0,5.272986433235294e-09,A0.5,20.0
1824,2026-08-04 15:34:40,2026-08-04 15:34:40,1,2026-08-04 15:34:40,64.0,4.767050975294118e-09,A0.5,24.0
1825,2026-08-14 11:43:06,2026-08-14 11:43:06,1,2026-08-14 11:43:06,64.0,5.125091082352941e-09,A0.5,17.0
1826,2026-08-04 11:58:08,2026-08-04 11:58:08,1,2026-08-04 11:58:08,64.0,5.3765390964705885e-09,A0.5,13.5
1827,2026-08-27 05:52:56,2026-08-27 05:52:56,1,2026-08-27 05:52:56,63.0,5.050990257352941e-09,A0.5,21.0
1828,2026-08-14 11:42:46,2026-08-14 11:42:46,1,2026-08-14 11:42:46,63.0,4.777677198529411e-09,A0.5,18.0
1829,2026-08-15 13:40:26,2026-08-15 13:40:26,1,2026-08-15 13:40:26,63.0,4.874703334411765e-09,A0.5,18.0
1830,2026-08-15 09:29:01,2026-08-15 09:29:02,2,2026-08-15 09:29:01,63.0,4.505730704999999e-09,A0.5,14.0
1831,2026-08-04 11:58:42,2026-08-04 11:58:43,2,2026-08-04 11:58:42,63.0,5.038691169705882e-09,A0.5,14.0
1832,2026-08-14 11:41:30,2026-08-14 11:41:30,1,2026-08-14 11:41:30,63.0,4.7804103291176465e-09,A0.5,17.5
1833,2026-08-15 00:33:55,2026-08-15 00:33:55,1,2026-08-15 00:33:55,62.0,4.767804942352941e-09,A0.5,19.0
1834,2026-08-04 11:59:31,2026-08-04 11:59:31,1,2026-08-04 11:59:31,62.0,4.752772724117647e-09,A0.5,14.0
1835,2026-08-15 00:33:21,2026-08-15 00:33:21,1,2026-08-15 00:33:21,62.0,4.510890667058823e-09,A0.5,19.0
1836,2026-08-27 05:54:24,2026-08-27 05:54:25,2,2026-08-27 05:54:25,61.0,4.729234815e-09,A0.5,20.0
1837,2026-08-04 11:59:24,2026-08-04 11:59:24,1,2026-08-04 11:59:24,61.0,4.779797730882353e-09,A0.5,14.0
1838,2026-08-04 11:59:41,2026-08-04 11:59:42,2,2026-08-04 11:59:41,61.0,4.688237856176471e-09,A0.5,14.0
1839,2026-08-15 00:32:20,2026-08-15 00:32:20,1,2026-08-15 00:32:20,61.0,5.029879179705883e-09,A0.5,19.0
1840,2026-08-15 13:38:00,2026-08-15 13:38:00,1,2026-08-15 13:38:00,60.0,4.786324258235294e-09,A0.5,18.0
1841,2026-08-04 11:59:21,2026-08-04 11:59:21,1,2026-08-04 11:59:21,60.0,4.536242809411765e-09,A0.5,14.0
1842,2026-08-04 11:57:32,2026-08-04 11:57:37,6,2026-08-04 11:57:36,60.0,5.092434884117647e-09,A0.5,13.0
1843,2026-08-27 05:53:17,2026-08-27 05:53:17,1,2026-08-27 05:53:17,60.0,4.987209356470587e-09,A0.5,21.0
1844,2026-08-15 08:21:13,2026-08-15 08:21:15,3,2026-08-15 08:21:15,60.0,4.5786063335294115e-09,A0.5,12.0
1845,2026-08-04 11:58:37,2026-08-04 11:58:37,1,2026-08-04 11:58:37,59.0,4.415678764411765e-09,A0.4,14.0
1846,2026-08-15 13:38:09,2026-08-15 13:38:09,1,2026-08-15 13:38:09,59.0,4.604264775e-09,A0.5,18.0
1847,2026-08-15 08:21:17,2026-08-15 08:21:24,8,2026-08-15 08:21:20,59.0,4.643895168529412e-09,A0.5,12.0
1848,2026-08-04 11:59:29,2026-08-04 11:59:29,1,2026-08-04 11:59:29,59.0,4.559168120294117e-09,A0.5,14.0
1849,2026-08-15 09:28:59,2026-08-15 09:28:59,1,2026-08-15 09:28:59,59.0,4.499039247352941e-09,A0.4,14.0
1850,2026-08-15 09:28:28,2026-08-15 09:28:28,1,2026-08-15 09:28:28,59.0,4.488106725e-09,A0.4,14.0
1851,2026-08-15 13:40:28,2026-08-15 13:40:28,1,2026-08-15 13:40:28,59.0,4.2885881920588236e-09,A0.4,18.0
1852,2026-08-04 11:59:34,2026-08-04 11:59:35,2,2026-08-04 11:59:35,59.0,4.581033165e-09,A0.5,14.0
1853,2026-08-27 05:52:12,2026-08-27 05:52:12,1,2026-08-27 05:52:12,58.0,4.778878833529411e-09,A0.5,21.0
1854,2026-08-15 13:40:19,2026-08-15 13:40:21,3,2026-08-15 13:40:20,58.0,4.48370073e-09,A0.4,18.0
1855,2026-08-14 11:43:45,2026-08-14 11:43:45,1,2026-08-14 11:43:45,58.0,4.336111678235294e-09,A0.4,17.0
1856,2026-08-27 05:53:26,2026-08-27 05:53:26,1,2026-08-27 05:53:26,57.0,4.383635164411764e-09,A0.4,20.0
1857,2026-08-27 05:53:53,2026-08-27 05:53:54,2,2026-08-27 05:53:54,57.0,4.4806613002941174e-09,A0.4,20.0
1858,2026-07-14 09:57:59,2026-07-14 09:58:04,6,2026-07-14 09:58:04,57.0,4.628250352058823e-09,A0.5,12.0
1859,2026-08-14 11:42:57,2026-08-14 11:42:57,1,2026-08-14 11:42:57,57.0,4.402767078529412e-09,A0.4,17.0
1860,2026-08-15 00:33:08,2026-08-15 00:33:08,1,2026-08-15 00:33:08,57.0,4.268843679705882e-09,A0.4,19.0
1861,2026-08-14 11:43:03,2026-08-14 11:43:04,2,2026-08-14 11:43:03,57.0,4.3986673826470594e-09,A0.4,17.0
1862,2026-08-15 13:40:15,2026-08-15 13:40:16,2,2026-08-15 13:40:15,57.0,4.278409636764706e-09,A0.4,18.0
1863,2026-08-04 11:57:30,2026-08-04 11:57:30,1,2026-08-04 11:57:30,57.0,4.823669189117647e-09,A0.5,13.0
1864,2026-08-04 11:59:10,2026-08-04 11:59:11,2,2026-08-04 11:59:10,56.0,4.175610940588235e-09,A0.4,14.0
1865,2026-08-04 11:59:06,2026-08-04 11:59:07,2,2026-08-04 11:59:07,56.0,4.226173856470588e-09,A0.4,14.0
1866,2026-08-15 00:34:16,2026-08-15 00:34:16,1,2026-08-15 00:34:16,56.0,3.9268960570588245e-09,A0.4,19.0
1867,2026-08-15 00:31:28,2026-08-15 00:31:28,1,2026-08-15 00:31:28,56.0,4.448923999411765e-09,A0.4,19.0
1868,2026-08-14 11:42:51,2026-08-14 11:42:51,1,2026-08-14 11:42:51,56.0,4.183810332352942e-09,A0.4,18.0
1869,2026-08-14 11:43:41,2026-08-14 11:43:42,2,2026-08-14 11:43:42,56.0,4.029388454117647e-09,A0.4,17.0
1870,2026-08-27 05:54:38,2026-08-27 05:54:38,1,2026-08-27 05:54:38,56.0,4.386061995882353e-09,A0.4,20.0
1871,2026-08-15 00:32:40,2026-08-15 00:32:40,1,2026-08-15 00:32:40,56.0,4.5350176129411766e-09,A0.5,19.0
1872,2026-08-04 11:58:28,2026-08-04 11:58:28,1,2026-08-04 11:58:28,55.0,4.685033496176471e-09,A0.5,14.0
1873,2026-08-04 11:59:00,2026-08-04 11:59:00,1,2026-08-04 11:59:00,55.0,4.514212834411765e-09,A0.5,14.0
1874,2026-08-15 13:38:13,2026-08-15 13:38:13,1,2026-08-15 13:38:13,55.0,4.6057727091176475e-09,A0.5,18.0
1875,2026-07-11 03:37:14,2026-07-11 03:37:14,1,2026-07-11 03:37:14,55.0,4.437685177941176e-09,A0.4,17.0
1876,2026-07-11 03:37:27,2026-07-11 03:37:27,1,2026-07-11 03:37:27,55.0,4.51147970382353e-09,A0.5,17.0
1877,2026-07-11 03:38:29,2026-07-11 03:38:29,1,2026-07-11 03:38:29,55.0,4.3584243908823526e-09,A0.4,17.0
1878,2026-08-15 09:28:40,2026-08-15 09:28:40,1,2026-08-15 09:28:40,55.0,4.434952047352941e-09,A0.4,14.0
1879,2026-08-14 11:43:47,2026-08-14 11:43:47,1,2026-08-14 11:43:47,55.0,4.253198863235295e-09,A0.4,17.0
1880,2026-08-14 11:43:20,2026-08-14 11:43:20,1,2026-08-14 11:43:20,55.0,4.1698383802941185e-09,A0.4,18.0
1881,2026-08-14 11:43:09,2026-08-14 11:43:09,1,2026-08-14 11:43:09,55.0,4.29009612617647e-09,A0.4,17.0
1882,2026-08-15 00:32:06,2026-08-15 00:32:06,1,2026-08-15 00:32:06,55.0,4.3201605626470596e-09,A0.4,19.0
1883,2026-08-04 11:59:26,2026-08-04 11:59:26,1,2026-08-04 11:59:26,55.0,4.63857027617647e-09,A0.5,14.0
1884,2026-08-15 00:34:09,2026-08-15 00:34:09,1,2026-08-15 00:34:09,55.0,4.205369077941176e-09,A0.4,19.0
1885,2026-08-15 00:31:19,2026-08-15 00:31:19,1,2026-08-15 00:31:19,55.0,4.817590329705883e-09,A0.5,19.0
1886,2026-08-15 08:21:31,2026-08-15 08:21:37,7,2026-08-15 08:21:34,54.0,3.806025712941176e-09,A0.4,12.0
1887,2026-08-15 09:29:10,2026-08-15 09:29:11,2,2026-08-15 09:29:10,54.0,4.049274335294118e-09,A0.4,14.0
1888,2026-08-04 11:58:53,2026-08-04 11:58:53,1,2026-08-04 11:58:53,54.0,4.124435426470588e-09,A0.4,14.0
1889,2026-08-04 11:59:18,2026-08-04 11:59:18,1,2026-08-04 11:59:18,54.0,4.032875551764706e-09,A0.4,14.0
1890,2026-08-04 11:58:58,2026-08-04 11:58:58,1,2026-08-04 11:58:58,54.0,4.395015354705882e-09,A0.4,14.0
1891,2026-08-15 09:28:48,2026-08-15 09:28:48,1,2026-08-15 09:28:48,54.0,4.404581311764705e-09,A0.4,14.0
1892,2026-08-15 13:40:24,2026-08-15 13:40:24,1,2026-08-15 13:40:24,54.0,4.0219430294117645e-09,A0.4,18.0
1893,2026-08-15 09:28:43,2026-08-15 09:28:44,2,2026-08-15 09:28:43,54.0,4.359484657058823e-09,A0.4,14.0
1894,2026-07-14 09:58:08,2026-07-14 09:58:13,6,2026-07-14 09:58:09,54.0,4.195496821764706e-09,A0.4,12.0
1895,2026-08-14 11:43:37,2026-08-14 11:43:37,1,2026-08-14 11:43:37,54.0,3.935849415882353e-09,A0.4,17.0
1896,2026-08-15 09:28:33,2026-08-15 09:28:36,4,2026-08-15 09:28:34,54.0,4.159966124117647e-09,A0.4,14.0
1897,2026-08-14 11:43:16,2026-08-14 11:43:16,1,2026-08-14 11:43:16,54.0,4.16406582e-09,A0.4,18.0
1898,2026-08-06 19:29:16,2026-08-06 19:29:16,1,2026-08-06 19:29:16,53.0,4.312715137941176e-09,A0.4,11.0
1899,2026-08-15 09:28:20,2026-08-15 09:28:20,1,2026-08-15 09:28:20,53.0,4.081765603235294e-09,A0.4,14.0
1900,2026-08-14 11:44:15,2026-08-14 11:44:16,2,2026-08-14 11:44:15,53.0,3.9615078573529404e-09,A0.4,17.0
1901,2026-08-15 08:21:26,2026-08-15 08:21:29,4,2026-08-15 08:21:28,53.0,4.1077303438235296e-09,A0.4,12.0
1902,2026-08-04 11:59:16,2026-08-04 11:59:16,1,2026-08-04 11:59:16,53.0,4.035302383235294e-09,A0.4,14.0
1903,2026-08-04 11:57:27,2026-08-04 11:57:27,1,2026-08-04 11:57:27,53.0,4.445271971470588e-09,A0.4,13.0
1904,2026-08-15 09:28:38,2026-08-15 09:28:38,1,2026-08-15 09:28:38,53.0,4.1705923473529415e-09,A0.4,14.0
1905,2026-08-04 11:59:48,2026-08-04 11:59:49,2,2026-08-04 11:59:49,53.0,3.953308465588235e-09,A0.4,14.0
1906,2026-08-15 08:21:40,2026-08-15 08:21:41,2,2026-08-15 08:21:40,53.0,3.7729218467647056e-09,A0.4,12.0
1907,2026-08-15 09:28:57,2026-08-15 09:28:57,1,2026-08-15 09:28:57,52.0,4.119723132352941e-09,A0.4,14.0
1908,2026-08-15 09:29:17,2026-08-15 09:29:17,1,2026-08-15 09:29:17,52.0,3.9092720770588235e-09,A0.4,14.0
1909,2026-08-15 09:28:00,2026-08-15 09:28:00,1,2026-08-15 09:28:00,52.0,4.2946434900000004e-09,A0.4,14.0
1910,2026-08-04 11:58:50,2026-08-04 11:58:50,1,2026-08-04 11:58:50,52.0,4.073259912352941e-09,A0.4,14.0
1911,2026-08-15 09:28:53,2026-08-15 09:28:55,3,2026-08-15 09:28:53,52.0,4.0185973005882356e-09,A0.4,14.0
1912,2026-08-15 09:28:22,2026-08-15 09:28:22,1,2026-08-15 09:28:22,52.0,3.929770556470588e-09,A0.4,14.0
1913,2026-08-04 11:58:15,2026-08-04 11:58:16,2,2026-08-04 11:58:16,52.0,4.346572971176471e-09,A0.4,14.0
1914,2026-08-15 09:28:50,2026-08-15 09:28:51,2,2026-08-15 09:28:50,51.0,3.969094650882354e-09,A0.4,14.0
1915,2026-08-15 09:27:57,2026-08-15 09:27:57,1,2026-08-15 09:27:57,51.0,3.8078399461764705e-09,A0.4,14.0
1916,2026-07-14 09:55:41,2026-07-14 09:55:42,2,2026-07-14 09:55:42,51.0,4.5280198561764706e-09,A0.5,12.0
1917,2026-08-04 11:58:25,2026-08-04 11:58:26,2,2026-08-04 11:58:25,51.0,4.206877012058824e-09,A0.4,14.0
1918,2026-08-15 09:29:07,2026-08-15 09:29:07,1,2026-08-15 09:29:07,50.0,3.5451531105882353e-09,A0.4,14.0
1919,2026-08-04 11:58:32,2026-08-04 11:58:32,1,2026-08-04 11:58:32,50.0,3.829398691764706e-09,A0.4,14.0
1920,2026-08-15 09:28:46,2026-08-15 09:28:46,1,2026-08-15 09:28:46,50.0,3.767903253529412e-09,A0.4,14.0
1921,2026-08-06 19:29:08,2026-08-06 19:29:08,1,2026-08-06 19:29:08,50.0,3.885427868823529e-09,A0.4,11.0
1922,2026-08-04 11:59:04,2026-08-04 11:59:04,1,2026-08-04 11:59:04,50.0,3.6886424664705885e-09,A0.4,14.0
1923,2026-07-14 09:58:06,2026-07-14 09:58:06,1,2026-07-14 09:58:06,49.0,3.773063215588235e-09,A0.4,12.0
1924,2026-08-06 19:28:29,2026-08-06 19:28:29,1,2026-08-06 19:28:29,49.0,3.9206522673529415e-09,A0.4,11.0
1925,2026-08-06 19:29:14,2026-08-06 19:29:14,1,2026-08-06 19:29:14,49.0,3.6815033408823525e-09,A0.4,11.0
1926,2026-07-14 09:58:27,2026-07-14 09:58:27,1,2026-07-14 09:58:27,48.0,3.7071617823529412e-09,A0.4,12.0
1927,2026-07-14 09:55:37,2026-07-14 09:55:38,2,2026-07-14 09:55:37,48.0,3.9941404941176475e-09,A0.4,12.0
1928,2026-08-06 19:29:35,2026-08-06 19:29:35,1,2026-08-06 19:29:35,48.0,3.977741710588236e-09,A0.4,11.0
1929,2026-08-06 19:29:20,2026-08-06 19:29:20,1,2026-08-06 19:29:20,48.0,3.9258122294117645e-09,A0.4,11.0
1930,2026-08-15 04:20:53,2026-08-15 04:20:53,1,2026-08-15 04:20:53,48.0,3.5595727305882353e-09,A0.4,16.0
1931,2026-08-15 04:22:17,2026-08-15 04:22:17,1,2026-08-15 04:22:17,47.0,3.2900530685294115e-09,A0.3,16.0
1932,2026-08-15 17:16:14,2026-08-15 17:16:14,1,2026-08-15 17:16:14,47.0,3.512803211470588e-09,A0.4,18.0
1933,2026-08-15 04:22:03,2026-08-15 04:22:03,1,2026-08-15 04:22:03,47.0,3.423976467352941e-09,A0.3,16.0
1934,2026-08-06 19:29:37,2026-08-06 19:29:37,1,2026-08-06 19:29:37,47.0,3.683623873235294e-09,A0.4,11.0
1935,2026-07-14 09:58:36,2026-07-14 09:58:36,1,2026-07-14 09:58:36,45.0,3.4178976079411767e-09,A0.3,12.0
1936,2026-08-15 04:22:41,2026-08-15 04:22:41,1,2026-08-15 04:22:41,45.0,3.2908070355882353e-09,A0.3,16.0
1937,2026-08-06 12:33:36,2026-08-06 12:33:36,1,2026-08-06 12:33:36,44.0,3.0622843323529413e-09,A0.3,16.0
1938,2026-07-14 09:58:23,2026-07-14 09:58:23,1,2026-07-14 09:58:23,44.0,3.384793741764706e-09,A0.3,12.0
1939,2026-08-15 03:18:17,2026-08-15 03:18:17,1,2026-08-15 03:18:17,43.0,3.1139075144117644e-09,A0.3,13.0
1940,2026-07-14 09:58:19,2026-07-14 09:58:19,1,2026-07-14 09:58:19,43.0,3.2464643479411765e-09,A0.3,12.0
1941,2026-08-15 08:21:44,2026-08-15 08:21:44,1,2026-08-15 08:21:44,42.0,3.1013021276470585e-09,A0.3,12.0
1942,2026-07-11 00:18:27,2026-07-11 00:18:27,1,2026-07-11 00:18:27,41.0,3.1679575279411762e-09,A0.3,14.0
1943,2026-07-14 09:58:15,2026-07-14 09:58:17,3,2026-07-14 09:58:15,41.0,2.9916706049999996e-09,A0.3,12.0
1944,2026-07-14 09:59:01,2026-07-14 09:59:01,1,2026-07-14 09:59:01,41.0,2.8481812491176476e-09,A0.3,12.0
1945,2026-07-14 09:58:33,2026-07-14 09:58:33,1,2026-07-14 09:58:33,40.0,3.1485193147058824e-09,A0.3,12.0
1946,2026-08-15 08:22:21,2026-08-15 08:22:21,1,2026-08-15 08:22:21,40.0,2.860174037647059e-09,A0.3,12.0
1947,2026-08-15 07:40:17,2026-08-15 07:40:17,1,2026-08-15 07:40:17,40.0,2.7822798158823533e-09,A0.3,11.0
1948,2026-07-14 09:55:32,2026-07-14 09:55:32,1,2026-07-14 09:55:32,40.0,3.4108998511764703e-09,A0.3,12.0
1949,2026-07-14 09:55:28,2026-07-14 09:55:29,2,2026-07-14 09:55:28,40.0,3.2455454505882355e-09,A0.3,12.0
1950,2026-08-15 08:22:09,2026-08-15 08:22:09,1,2026-08-15 08:22:09,39.0,2.999257398529412e-09,A0.3,12.0
1951,2026-07-14 09:58:29,2026-07-14 09:58:29,1,2026-07-14 09:58:29,39.0,2.928196003235294e-09,A0.3,12.0
1952,2026-07-09 04:11:23,2026-07-09 04:11:23,1,2026-07-09 04:11:23,36.0,2.8480163188235296e-09,A0.3,10.0
1953,2026-08-13 10:58:52,2026-08-13 10:58:52,1,2026-08-13 10:58:52,36.0,2.5883689129411765e-09,A0.3,11.0
1954,2026-07-09 04:11:28,2026-07-09 04:11:28,1,2026-07-09 04:11:28,36.0,2.7783214888235298e-09,A0.3,10.0
1955,2026-07-11 22:21:47,2026-07-11 22:21:47,1,2026-07-11 22:21:47,35.0,2.3270486426470585e-09,A0.2,12.0
1956,2026-07-09 04:11:32,2026-07-09 04:11:32,1,2026-07-09 04:11:32,35.0,2.697387837352941e-09,A0.3,10.0
1957,2026-07-09 04:11:21,2026-07-09 04:11:21,1,2026-07-09 04:11:21,34.0,2.5125952235294113e-09,A0.3,10.0
1958,2026-07-09 04:11:49,2026-07-09 04:11:49,1,2026-07-09 04:11:49,34.0,2.5973222717647057e-09,A0.3,10.0
1959,2026-07-09 04:11:10,2026-07-09 04:11:12,3,2026-07-09 04:11:10,33.0,2.516388620294118e-09,A0.3,10.0
1960,2026-07-09 04:11:08,2026-07-09 04:11:08,1,2026-07-09 04:11:08,33.0,2.802000766764706e-09,A0.3,10.0
1961,2026-07-15 00:38:55,2026-07-15 00:38:55,1,2026-07-15 00:38:55,33.0,2.279972824411765e-09,A0.2,12.0
1962,2026-08-13 10:59:51,2026-08-13 10:59:51,1,2026-08-13 10:59:51,32.0,2.2701005682352942e-09,A0.2,11.0
1963,2026-08-27 16:25:53,2026-08-27 16:25:53,1,2026-08-27 16:25:53,32.0,2.0664823394117647e-09,A0.2,13.0
1964,2026-08-13 10:58:50,2026-08-13 10:58:50,1,2026-08-13 10:58:50,31.0,2.205565700294118e-09,A0.2,11.0
1965,2026-07-09 04:11:25,2026-07-09 04:11:25,1,2026-07-09 04:11:25,31.0,2.392785145588235e-09,A0.2,10.0
1966,2026-07-10 20:53:57,2026-07-10 20:53:57,1,2026-07-10 20:53:57,31.0,2.370920100882353e-09,A0.2,13.0
1967,2026-07-09 04:11:14,2026-07-09 04:11:14,1,2026-07-09 04:11:14,31.0,2.5157760220588234e-09,A0.3,10.0
1968,2026-07-09 04:12:02,2026-07-09 04:12:02,1,2026-07-09 04:12:02,30.0,2.3651475405882355e-09,A0.2,10.0
1969,2026-07-13 01:44:45,2026-07-13 01:44:45,1,2026-07-13 01:44:45,30.0,1.96747704e-09,A0.2,12.0
1970,2026-07-09 04:12:19,2026-07-09 04:12:19,1,2026-07-09 04:12:19,30.0,2.2995524064705884e-09,A0.2,10.0
1971,2026-07-09 04:11:36,2026-07-09 04:11:36,1,2026-07-09 04:11:36,30.0,2.3924788464705883e-09,A0.2,10.0
1972,2026-07-13 09:24:35,2026-07-13 09:24:35,1,2026-07-13 09:24:35,30.0,1.9770429970588234e-09,A0.2,11.0
1973,2026-07-13 22:09:33,2026-07-13 22:09:33,1,2026-07-13 22:09:33,29.0,1.9658041755882355e-09,A0.2,11.0
1974,2026-07-09 04:12:47,2026-07-09 04:12:47,1,2026-07-09 04:12:47,29.0,2.2404837997058828e-09,A0.2,10.0
1975,2026-07-14 08:08:13,2026-07-14 08:08:13,1,2026-07-14 08:08:13,29.0,1.8564789520588234e-09,A0.2,11.0
1976,2026-07-09 04:11:17,2026-07-09 04:11:17,1,2026-07-09 04:11:17,29.0,2.144824229117647e-09,A0.2,10.0
1977,2026-08-13 10:58:13,2026-08-13 10:58:13,1,2026-08-13 10:58:13,29.0,1.989035785588235e-09,A0.2,10.0
1978,2026-07-16 09:06:04,2026-07-16 09:06:04,1,2026-07-16 09:06:04,29.0,1.943939130882353e-09,A0.2,11.0
1979,2026-07-14 05:01:42,2026-07-14 05:01:42,1,2026-07-14 05:01:42,28.0,1.905369003529412e-09,A0.2,10.0
1980,2026-08-05 04:41:12,2026-08-05 04:41:12,1,2026-08-05 04:41:12,28.0,2.078922795882353e-09,A0.2,9.0
1981,2026-08-13 07:25:33,2026-08-13 07:25:33,1,2026-08-13 07:25:33,26.0,1.9512196252941174e-09,A0.2,8.0
1982,2026-08-08 01:20:20,2026-08-08 01:20:20,1,2026-08-08 01:20:20,17.0,1.061562057352941e-09,A0.1,4.0
1983,2026-08-07 01:00:59,2026-08-07 01:00:59,1,2026-08-07 01:00:59,16.0,9.25965794117647e-10,A0.1,5.0
1984,2026-08-07 02:22:42,2026-08-07 02:22:42,1,2026-08-07 02:22:42,15.0,9.625567579411765e-10,A0.1,5.0
1985,2026-08-06 21:06:11,2026-08-06 21:06:11,1,2026-08-06 21:06:11,15.0,1.0554831979411766e-09,A0.1,5.0
1986,2026-08-07 04:25:00,2026-08-07 04:25:00,1,2026-08-07 04:25:00,15.0,9.816886720588236e-10,A0.1,5.0
1987,2026-08-07 03:24:07,2026-08-07 03:24:07,1,2026-08-07 03:24:07,15.0,9.051610155882352e-10,A0.1,4.0
1988,2026-08-08 20:17:42,2026-08-08 20:17:42,1,2026-08-08 20:17:42,15.0,9.434248438235296e-10,A0.1,5.0
1989,2026-08-08 03:15:29,2026-08-08 03:15:29,1,2026-08-08 03:15:29,15.0,9.844218026470588e-10,A0.1,5.0
1990,2026-08-06 22:49:47,2026-08-06 22:49:47,1,2026-08-06 22:49:47,14.0,8.829896717647059e-10,A0.1,5.0
1991,2026-08-06 23:01:18,2026-08-06 23:01:18,1,2026-08-06 23:01:18,14.0,9.513179364705881e-10,A0.1,5.0
1992,2026-08-08 00:00:18,2026-08-08 00:00:18,1,2026-08-08 00:00:18,14.0,1.1931999935294117e-09,A0.1,4.0
1993,2026-08-07 21:51:16,2026-08-07 21:51:16,1,2026-08-07 21:51:16,14.0,9.308194570588235e-10,A0.1,4.0
1994,2026-08-07 22:12:43,2026-08-07 22:12:43,1,2026-08-07 22:12:43,14.0,8.378930170588236e-10,A0.1,5.0
1995,2026-08-08 19:47:22,2026-08-08 19:47:22,1,2026-08-08 19:47:22,14.0,8.720571494117648e-10,A0.1,5.0
1996,2026-08-07 04:22:24,2026-08-07 04:22:24,1,2026-08-07 04:22:24,14.0,8.89822498235294e-10,A0.1,5.0
1997,2026-08-07 04:07:31,2026-08-07 04:07:31,1,2026-08-07 04:07:31,14.0,7.804972747058824e-10,A0.1,4.0
1998,2026-08-07 01:59:56,2026-08-07 01:59:56,1,2026-08-07 01:59:56,14.0,7.941629276470587e-10,A0.1,4.0
1999,2026-08-06 23:40:44,2026-08-06 23:40:44,1,2026-08-06 23:40:44,14.0,9.499513711764704e-10,A0.1,5.0
2000,2026-08-08 05:43:08,2026-08-08 05:43:08,1,2026-08-08 05:43:08,14.0,9.472182405882354e-10,A0.1,4.0
2001,2026-08-08 20:27:12,2026-08-08 20:27:12,1,2026-08-08 20:27:12,14.0,8.638577576470587e-10,A0.1,5.0
2002,2026-08-08 05:51:22,2026-08-08 05:51:22,1,2026-08-08 05:51:22,14.0,7.873301011764706e-10,A0.1,4.0
2003,2026-08-08 03:32:58,2026-08-08 03:32:58,1,2026-08-08 03:32:58,14.0,9.062212817647058e-10,A0.1,5.0
2004,2026-08-08 04:32:36,2026-08-08 04:32:36,1,2026-08-08 04:32:36,14.0,7.654650564705881e-10,A0.1,5.0
2005,2026-08-07 20:47:25,2026-08-07 20:47:25,1,2026-08-07 20:47:25,13.0,9.045484173529411e-10,A0.1,4.0
2006,2026-08-08 03:55:22,2026-08-08 03:55:22,1,2026-08-08 03:55:22,13.0,8.403198485294118e-10,A0.1,4.0
2007,2026-08-07 19:58:55,2026-08-07 19:58:55,1,2026-08-07 19:58:55,13.0,7.378274514705882e-10,A0.1,4.0
2008,2026-08-07 01:56:16,2026-08-07 01:56:16,1,2026-08-07 01:56:16,13.0,9.523782026470588e-10,A0.1,4.0
2009,2026-08-07 21:56:29,2026-08-07 21:56:29,1,2026-08-07 21:56:29,13.0,8.280207608823529e-10,A0.1,4.0
2010,2026-08-07 01:51:32,2026-08-07 01:51:32,1,2026-08-07 01:51:32,13.0,8.977155908823529e-10,A0.1,4.0
2011,2026-08-08 00:23:28,2026-08-08 00:23:28,1,2026-08-08 00:23:28,13.0,8.047891508823528e-10,A0.1,4.0
2012,2026-08-09 01:22:26,2026-08-09 01:22:26,1,2026-08-09 01:22:26,13.0,7.747247144117647e-10,A0.1,4.0
2013,2026-08-08 23:39:07,2026-08-08 23:39:07,1,2026-08-08 23:39:07,13.0,7.692584532352942e-10,A0.1,4.0
2014,2026-08-07 20:37:03,2026-08-07 20:37:03,1,2026-08-07 20:37:03,13.0,8.143551079411765e-10,A0.1,4.0
2015,2026-08-08 06:38:30,2026-08-08 06:38:30,1,2026-08-08 06:38:30,13.0,7.637921920588235e-10,A0.1,4.0
2016,2026-08-07 22:49:34,2026-08-07 22:49:34,1,2026-08-07 22:49:34,13.0,7.979563244117645e-10,A0.1,4.0
2017,2026-08-08 04:03:30,2026-08-08 04:03:30,1,2026-08-08 04:03:30,13.0,8.184548038235293e-10,A0.1,4.0
2018,2026-08-07 23:58:53,2026-08-07 23:58:53,1,2026-08-07 23:58:53,13.0,8.799502420588236e-10,A0.1,4.0
2019,2026-08-08 04:42:24,2026-08-08 04:42:24,1,2026-08-08 04:42:24,13.0,8.04789150882353e-10,A0.1,4.0
2020,2026-08-08 06:05:57,2026-08-08 06:05:57,1,2026-08-08 06:05:57,13.0,7.829241061764706e-10,A0.1,4.0
2021,2026-07-17 23:06:38,2026-07-17 23:06:38,1,2026-07-17 23:06:38,2.0,3.5318644411764704e-10,A0.0,1.0
2022,2026-07-17 17:12:11,2026-07-17 17:12:11,1,2026-07-17 17:12:11,2.0,5.609043688235295e-10,A0.1,1.0
2023,2026-07-17 09:51:14,2026-07-17 09:51:14,1,2026-07-17 09:51:14,2.0,3.559195747058823e-10,A0.0,1.0
2024,2026-07-17 08:52:49,2026-07-17 08:52:49,1,2026-07-17 08:52:49,2.0,6.101007194117648e-10,A0.1,1.0
2025,2026-07-17 15:24:13,2026-07-17 15:24:13,1,2026-07-17 15:24:13,2.0,6.223998070588235e-10,A0.1,1.0
2026,2026-07-17 12:08:10,2026-07-17 12:08:10,1,2026-07-17 12:08:10,2.0,3.668520970588235e-10,A0.0,1.0
2027,2026-08-17 10:11:05,2026-08-17 10:11:05,1,2026-08-17 10:11:05,2.0,5.622709341176471e-10,A0.1,1.0
2028,2026-08-18 00:08:10,2026-08-18 00:08:10,1,2026-08-18 00:08:10,2.0,5.349396282352941e-10,A0.1,1.0
2029,2026-08-17 20:36:25,2026-08-17 20:36:25,1,2026-08-17 20:36:25,2.0,3.2448857294117645e-10,A0.0,1.0
2030,2026-08-17 11:11:14,2026-08-17 11:11:14,1,2026-08-17 11:11:14,2.0,3.846174458823529e-10,A0.0,1.0
2031,2026-08-17 23:53:38,2026-08-17 23:53:38,1,2026-08-17 23:53:38,2.0,5.58171238235294e-10,A0.1,1.0
2032,2026-08-17 08:35:58,2026-08-17 08:35:58,1,2026-08-17 08:35:58,2.0,3.6548553176470587e-10,A0.0,1.0
2033,2026-08-17 08:35:14,2026-08-17 08:35:14,1,2026-08-17 08:35:14,2.0,3.613858358823529e-10,A0.0,1.0
2034,2026-08-17 19:55:44,2026-08-17 19:55:44,1,2026-08-17 19:55:44,2.0,3.313213994117647e-10,A0.0,1.0
2035,2026-08-17 19:40:00,2026-08-17 19:40:00,1,2026-08-17 19:40:00,2.0,6.032678929411765e-10,A0.1,1.0
2036,2026-08-17 16:25:55,2026-08-17 16:25:55,1,2026-08-17 16:25:55,2.0,3.2722170352941176e-10,A0.0,1.0
2037,2026-08-17 13:43:20,2026-08-17 13:43:20,1,2026-08-17 13:43:20,2.0,3.6958522764705886e-10,A0.0,1.0
2038,2026-08-17 07:32:22,2026-08-17 07:32:22,1,2026-08-17 07:32:22,2.0,4.570454064705882e-10,A0.0,1.0
2039,2026-07-17 08:05:21,2026-07-17 08:05:21,1,2026-07-17 08:05:21,2.0,3.682186623529411e-10,A0.0,1.0
